video_id,video_url,title,description,channel_id,channel_name,published_at,category_id,category_name,thumbnail_url,tags,duration,view_count,like_count,comment_count,favorite_count,default_language,default_audio_language,caption_available,licensed_content,privacy_status,definition,dimension
76nW5QeXFeU,https://www.youtube.com/watch?v=76nW5QeXFeU,Learn Databricks in 10 Minutes | Most Important Skill for Data Engineering,"Become a Job-Ready Data Engineer: https://datavidhya.com/
Check website for latest discount

Learn more about courses here - https://datavidhya.com/courses

Master Databricks from scratch in this comprehensive 10-minute tutorial covering everything from basic concepts to real-world applications. 

Discover how this unified analytics platform combines data engineering, machine learning, and business intelligence in one place, with hands-on examples and industry use cases. 

Learn why major companies choose Databricks over traditional tools and see the complete architecture breakdown with Apache Spark, Delta Lake, and MLflow. 

Perfect for beginners in data engineering, data science, and machine learning, looking to advance their careers.

👦🏻 My Linkedin - https://www.linkedin.com/in/darshil-parmar/
 📷 Instagram - https://www.instagram.com/datawithdarshil
🎯Twitter - https://twitter.com/parmardarshil07

🌟 Please leave a LIKE ❤️ and SUBSCRIBE for more AMAZING content! 🌟

Tech I use every day
💻MacBook Pro M1: https://amzn.to/3CiFVwC 
📺LG 22 Inch Monitor: https://amzn.to/3zk0Dts 
🎥Sony ZV1: https://amzn.to/3hRpSMJ 
🎙Maono AU-A04: https://amzn.to/3Bnu53n
⽴Tripod Stand: https://amzn.to/3tA7hu7 
🔅Osaka Ring Light and Stand: https://amzn.to/3MtLAEG 
🎧Sony WH-1000XM4 Headphone: https://amzn.to/3sM4sXS 
🖱Zebronics Zeb-War Keyboard and Mouse:  https://amzn.to/3zeF1yq 
💺CELLBELL C104 Office Chair: https://amzn.to/3IRpiL2 


👉Data Engineering Complete Roadmap: https://www.youtube.com/playlist?list=PLBJe2dFI4sgtlK_zaqaIBdJFgieYPnQ07
👉Data Engineering Project Series: https://www.youtube.com/playlist?list=PLBJe2dFI4sgukOW6O0B-OVyX9c6fQKJ2N 
👉Become Full-Time Freelancer: https://www.youtube.com/playlist?list=PLBJe2dFI4sgtza0sAnNFwo8KPG0GcO9Il 
👉Data With Darshil Podcast: https://www.youtube.com/playlist?list=PLBJe2dFI4sgv_XmEDaXF3z1MNib7R3KUY 

✨ Hashtags ✨
#databricks #databrickstutorial #deltalake",UCChmJrVa8kDg05JfCmxpLRw,Darshil Parmar,2025-09-07T12:40:43Z,27,Education,https://i.ytimg.com/vi/76nW5QeXFeU/hqdefault.jpg,"Learn Databricks in 10 Minutes | Most Important Skill for Data Engineering,databricks tutorial for beginners,databricks tutorial,azure databricks,modern data stack,learn databricks faster,what is delta lake,unified analytics platform,databricks tutorial fast,why databricks,what is databricks",PT13M30S,195077,4472,148.0,0,en-IN,en-IN,True,True,public,hd,2d
Ofx2zY6rRig,https://www.youtube.com/watch?v=Ofx2zY6rRig,Data Engineer Roadmap 2026| Real-Time Pipeline Explained,"For career guidance:  https://luckyithub.com/career-guidance/
for interview preparation contact : luckyithub@gmail.com
fresher's job website Link: https://luckyithub.com/
linkedin Link: https://www.linkedin.com/in/lucky-tech-world/

Are you wondering what a Data Engineer actually does in a company? In this video, I explain the complete Data Engineering Pipeline step by step using a real-time project example.

You'll learn how data flows from applications like Web, Mobile, ERP, and CRM systems to business dashboards through SQL, Python, ETL, Apache Spark, Databricks, Cloud, and Data Warehouses.

In This Video You'll Learn:

✅ What is a Data Engineer?

✅ What does a Data Engineer do daily?

✅ End-to-End Data Engineering Pipeline

✅ Data Collection

✅ Data Cleaning

✅ Data Transformation

✅ Data Storage

✅ Delivering Data to Business Teams

✅ Real-Time Project Workflow



Whether you're a beginner, software engineer, data analyst, or preparing for Data Engineer interviews, this video will help you understand the complete workflow in simple language.



👉 Subscribe for complete Data Engineering tutorials, interview preparation, SQL, Python, Apache Spark, Databricks, Snowflake, Airflow, Cloud, and real-time projects.",UCLTBd4O_ZB-K3A-Clit6OgA,Lucky Techzone,2026-07-15T04:26:34Z,27,Education,https://i.ytimg.com/vi/Ofx2zY6rRig/hqdefault.jpg,"Data Engineer,Data Engineering,Data Engineer Pipeline,Data Engineering Pipeline,What Does Data Engineer Do,Data Engineer Roles and Responsibilities,Data Engineer Tutorial,Data Engineer Roadmap,Data Engineering Workflow,SQL for Data Engineers,Python for Data Engineers,Apache Spark Tutorial,Databricks Tutorial,Data Warehouse,Airflow Tutorial,Azure Data Factory,AWS Data Engineer,GCP Data Engineer,Data Engineering Interview Questions,Lucky Techzone",PT13M37S,3475,107,29.0,0,en,te,False,True,public,hd,2d
USKnnzUvKM4,https://www.youtube.com/watch?v=USKnnzUvKM4,How to learn Databricks for data engineers fast (step by step guide),"My recommended course to learn Databricks:
► DataCamp Data Engineer in Databricks Track https://datacamp.pxf.io/0GOreY
► Get 25% OFF DataCamp's Here https://datacamp.pxf.io/bOEe66

🎁  *Databricks Roadmap* : https://candle-gosling-511.notion.site/Databricks-Roadmap-By-Data-With-Baraa-3ac34b251f12815f83a7dd11c4cc7f1b?source=copy_link
━━━━━━━━━━━━━━━━━━━━

*🏆 My Academy (recommended)*
- *SQL* https://www.datawithbaraa.com/course/sql-full-course-for-beginners
- *Python* https://www.datawithbaraa.com/course/the-ultimate-python-mastery
- *Python Handbook* https://academy.datawithbaraa.com/l/digital_download/998313/the-python-handbook
- *Tableau* https://www.datawithbaraa.com/course/tableau-ultimate-full-course-for-beginners

*🎓 Also on Udemy*
- *SQL* https://www.udemy.com/course/the-complete-sql-bootcamp-30-hours-go-from-zero-to-hero/?referralCode=D20781228C2EB8B98339
- *Python* https://www.udemy.com/course/the-complete-python-bootcamp-13hours-go-from-zero-to-hero/?referralCode=776491A4119FF8AF41CA
- *Tableau* https://www.udemy.com/course/the-tableau-ultimate-course-from-zero-to-hero/?referralCode=6544726FDC491A6B25EC

📬 *Newsletter (join 123k+ data friends)*
https://www.blog.datawithbaraa.com

━━━━━━━━━━━━━━━━━━━━

Learn Databricks fast with one roadmap sliced by role: data analyst, data engineer, data scientist, and AI engineer.

📖 *Table of Content*
0:00 Introduction
0:30 2 rules before you start
2:37 Foundations
3:50 DataCamp
5:18 SQL warehouses and queries
7:19 Unity Catalog
10:38 Data analyst
12:55 Data engineer
17:48 Data scientist and AI engineer
19:08 How I would learn it
20:27 Certificates vs projects

━━━━━━━━━━━━━━━━━━━━

*CONNECT WITH ME*
💬 Discord https://discord.gg/gsVJbMxKcA
👨‍💻 LinkedIn https://www.linkedin.com/in/baraa-khatib-salkini/
📸 Instagram https://www.instagram.com/datawithbaraa/
🎥 TikTok https://www.tiktok.com/@datawithbaraa
🧭 Notion Roadmaps https://www.notion.com/@datawithbaraa

Note: some links above are affiliates. I may earn a small commission
if you enroll. Thank you for supporting the channel.

#databricks #learndatabricks #dataengineering #datawithbaraa",UC8_RSKwbU1OmZWNEoLV1tQg,Data with Baraa,2026-07-31T12:29:15Z,27,Education,https://i.ytimg.com/vi/USKnnzUvKM4/hqdefault.jpg,"learn databricks fast,how to learn databricks,databricks roadmap,databricks tutorial,databricks for beginners,learn databricks,databricks roadmap 2026,databricks for data engineers,databricks for data analysts,databricks data engineering,databricks certification,unity catalog,lakeflow,databricks free edition,databricks lakehouse,databricks sql,pyspark databricks,medallion architecture,databricks genie,data engineering roadmap,data with baraa",PT21M39S,16385,683,78.0,0,en,en,False,True,public,hd,2d
761SQ9Hxbic,https://www.youtube.com/watch?v=761SQ9Hxbic,Databricks Tutorial | Databricks Free Edition Tutorial with End-to-End Data + AI Project,"In this databricks tutorial, you will learn Databricks foundations from scratch and build a real end-to-end project in E-Commerce domain that you can confidently put on your resume. This Databricks micro Course explains everything in a simple, intuitive way!

Signup to Databricks Free Edition: https://bit.ly/4nK0NTN

Code, Dataset, other resources: https://resources.codebasics.io/FXipmd

Get Certified by Codebasics with this Databricks Mini Course - https://resources.codebasics.io/t7vk5z

⭐️ Timestamps ⭐️

00:00:00 Intro
00:01:15 Project Introduction
00:03:09 Stakeholder Discussion
00:04:45 Two Learning Paths
00:05:19 Sign up for the free edition
00:06:03 Explore Databricks UI
00:11:12 Dataframe Basics
00:27:54 Distributed Computing, Spark, and Databricks
00:34:51 SQL and joins in Spark
00:49:48 Reading Spark plans with explain
01:02:37 Spark Architecture
01:07:43 Transformations vs Actions and Lazy Evaluation
01:16:03 Narrow vs Wide Transformation
01:19:55 Partition and Parallelism: Repartition
01:34:00 Partition and Parallelism: Coalesce
01:39:37 Managed vs External Tables
01:43:26 Medallion architecture
01:49:18 Unity Catalog
01:59:21 Acid & Time Travel
02:09:05 About AWS Account & Delta Lake
02:09:26 AWS Account Setup
02:11:39 Delta Lake and Delta format
02:25:09 Intro & Tech Architecture
02:28:23 Catalog Setup
02:31:51 Data Understanding and Upload
02:36:20 Dimension Data Processing
03:00:45 Fact Data Processing
03:14:25 Get Insights using Genie
03:18:02 BI Dashboard
03:28:15 Orchestration
03:33:27 Stakeholder Review Meeting
03:34:50 What’s Next?


Do you want to learn technology from me? Check https://codebasics.io/?utm_source=description&utm_medium=yt&utm_campaign=description&utm_id=description for my affordable video courses.

Need help building software or data analytics/AI solutions? My company https://www.atliq.com/ can help. Click on the Contact button on that website.

🎥 Codebasics Hindi channel: https://www.youtube.com/channel/UCTmFBhuhMibVoSfYom1uXEg

#️⃣ Social Media #️⃣

🧑‍🤝‍🧑 Discord for Community Support:  https://discord.gg/r42Kbuk
📸 Codebasics' Instagram: https://www.instagram.com/codebasicshub/
📝 Codebasics' Linkedin :  https://www.linkedin.com/company/codebasics/

------

📝 Dhaval's Linkedin : https://www.linkedin.com/in/dhavalsays/
📝 Hem's Linkedin: https://www.linkedin.com/in/hemvad/

📽️ Hem's Instagram for daily tips: https://www.instagram.com/hemvadivel/
📸 Dhaval's Personal Instagram: https://www.instagram.com/dhavalsays/

🔗 Patreon: https://www.patreon.com/codebasics?fan_landing=true",UCh9nVJoWXmFb7sLApWGcLPQ,codebasics,2025-11-14T13:30:07Z,27,Education,https://i.ytimg.com/vi/761SQ9Hxbic/hqdefault.jpg,"yt:cc=on,databricks,data engineering,data engineering project",PT3H35M31S,389541,5672,216.0,0,en,en,False,False,public,hd,2d
QreASpvj7D4,https://www.youtube.com/watch?v=QreASpvj7D4,🔥How much does a Data Engineer make? | Data Engineer Salary |  #shorts  #simplilearn,"🔥Professional Certificate Program in Data Engineering  - https://www.simplilearn.com/pgp-data-engineering-certification-training-course?utm_campaign=QreASpvj7D4&utm_medium=DescriptionFirstFold&utm_source=Youtube

In this YouTube short,  we break down the critical role of a  Data Engineer and their responsibilities. Data Engineers are vital for creating and maintaining systems that manage enormous volumes of data, sometimes from millions of users. These systems ensure that data is efficiently processed, stored, and ready for analysis, allowing companies to gain valuable insights and make informed decisions. The video also highlights the salary progression in India. Entry-level Big Data Engineers earn between ₹8-12 lakhs per year, while mid-level professionals can make around ₹15-30 lakhs. Senior roles offer even higher pay, reflecting the increasing demand for data expertise in the industry.",UCsvqVGtbbyHaMoevxPAq9Fg,Simplilearn,2025-01-25T15:15:03Z,27,Education,https://i.ytimg.com/vi/QreASpvj7D4/hqdefault.jpg,"simplilearn,data engineer salary,data engineer,big data engineer salary,salary of data engineer,salary of cloud engineer,salary of cloud engineer in india,data analyst salary,data scientist salary,ai engineer salary,data science salary,how to become a data engineer,salary of big data engineer,data engineer vs data scientist,salary of a junior data engineer,average salary of data engineer,salary,salary of it engineer in india,data engineer roadmap",PT43S,203701,4276,3.0,0,en,en,False,True,public,hd,2d
LSxzAoNj6-M,https://www.youtube.com/watch?v=LSxzAoNj6-M,Stop Trying to Keep Up With Data Engineering,"Become Job-Read Data Engineer - https://datavidhya.com/

Feeling behind as a Data Engineer? You’re not alone. In this video, I share my 3-2-1 system to stay updated without chasing every new tool. Learn less, build more, and stop letting tech FOMO control your career.

 📷 Instagram - https://www.instagram.com/datawithdarshil
👦🏻 My LinkedIn - https://www.linkedin.com/in/darshil-parmar/
🎯Twitter - https://twitter.com/parmardarshil07

🌟 Please leave a LIKE ❤️ and SUBSCRIBE for more AMAZING content! 🌟

✨ Hashtags ✨
#dataengineering #ai #databricks",UCChmJrVa8kDg05JfCmxpLRw,Darshil Parmar,2026-08-08T17:05:26Z,27,Education,https://i.ytimg.com/vi/LSxzAoNj6-M/hqdefault.jpg,"data engineering,data engineer,data engineering roadmap,learn data engineering,data engineer roadmap,data engineering 2026,data engineering tools,data engineer skills,data engineering career,data engineering burnout,tech burnout,tech FOMO,data engineering FOMO,feeling behind,how to stay updated,data engineering trends,data engineering fundamentals,SQL,Apache Spark,Kafka,dbt,Snowflake,Apache Iceberg,data engineering jobs",PT14M43S,5902,233,40.0,0,en-IN,en-IN,False,True,public,hd,2d
X5zTCgPN_D4,https://www.youtube.com/watch?v=X5zTCgPN_D4,What is Databricks? The Story Behind the Modern Data Platform (Visual Explanation),"► *Subscribe* for more Free Data content: https://www.youtube.com/channel/UC8_RSKwbU1OmZWNEoLV1tQg?sub_confirmation=1

*🏆 DATA ACADEMY*
- *SQL* https://www.datawithbaraa.com/course/sql-full-course-for-beginners
- *Python* https://www.datawithbaraa.com/course/the-ultimate-python-mastery
- *Python Handbook* (sketches, notes, code) https://academy.datawithbaraa.com/l/digital_download/998313/the-python-handbook
- *Tableau* https://www.datawithbaraa.com/course/tableau-ultimate-full-course-for-beginners

*🎓UDEMY*
- *SQL* https://www.udemy.com/course/the-complete-sql-bootcamp-30-hours-go-from-zero-to-hero/?referralCode=D20781228C2EB8B98339
- *Python* https://www.udemy.com/course/the-complete-python-bootcamp-13hours-go-from-zero-to-hero/?referralCode=776491A4119FF8AF41CA
- *Tableau* https://www.udemy.com/course/the-tableau-ultimate-course-from-zero-to-hero/?referralCode=6544726FDC491A6B25EC

━━━━━

*CONNECT WITH ME*
📬 Newsletter https://www.blog.datawithbaraa.com
👨‍💻 LinkedIn https://www.linkedin.com/in/baraa-khatib-salkini/
📸 Instagram https://www.instagram.com/datawithbaraa/
🎥 TikTok https://www.tiktok.com/@datawithbaraa
🌍 Website https://datawithbaraa.com/
💬 Discord https://discord.gg/gsVJbMxKcA
🧭 Notion Roadmaps https://www.notion.com/@datawithbaraa
⭐ Favorite Books/Gear https://candle-gosling-511.notion.site/My-Favorite-Books-Gear-Apps-28334b251f1281e58a52cf7aa594e0e9?source=copy_link
📩 Sponsorships baraa@datawithbaraa.com

━━━━━

*MY FREE COURSES*
- *SQL* https://youtu.be/SSKVgrwhzus
- *Python* https://youtu.be/Rq5gJVxz55Q
- *Tableau* https://youtu.be/UcGF09Awm4Y
- *Databricks* https://www.youtube.com/playlist?list=PLNcg_FV9n7qZoxVkw-KPhcmgLWjHWVUc9
- *Power BI* https://www.youtube.com/playlist?list=PLNcg_FV9n7qZge4KDGqGtqgiuVuhVZWzu
- *Data Projects* https://www.youtube.com/playlist?list=PLNcg_FV9n7qZ4Ym8ZriYT6WF8TaC2e_R7
- *Data Careers* https://www.youtube.com/playlist?list=PLNcg_FV9n7qah95jp-aPtysu7kFCbg7hd

━━━━━

Visually explained step-by-step guide on how to learn Python fast with a clear roadmap, practical projects, and smart learning strategies.

📖 *Table of Content*
00:00 Intro
00:20 Single Machine
01:46 Hadoop
03:13 Spark
04:16 PySpark
05:31 Databricks as Managed Spark
07:25 Databricks as Data Platform
10:33 Databricks Unity Catalog
11:57 Databricks as Data & AI Platform

#databricks #dataengineering #dataanalytics #spark #apachespark",UC8_RSKwbU1OmZWNEoLV1tQg,Data with Baraa,2026-03-10T13:00:07Z,27,Education,https://i.ytimg.com/vi/X5zTCgPN_D4/hqdefault.jpg,"databricks,what is databricks,databricks tutorial,databricks explained,databricks for beginners,learn databricks,databricks course,databricks lakehouse,databricks platform,apache spark,apache spark tutorial,big data,big data explained,data engineering,data engineer,modern data stack,lakehouse architecture,delta lake,pyspark tutorial,pyspark,spark cluster,data engineering tutorial,data engineering course,ai data platform,unity catalog,databricks ai",PT15M18S,267998,9431,395.0,0,en,en,False,True,public,hd,2d
yPGEQ8vtuOw,https://www.youtube.com/watch?v=yPGEQ8vtuOw,Databricks vs Snowflake vs Fabric: Which One Should You Learn?,"My recommended courses to learn Databricks, Snowflake and Microsoft Fabric hands-on:
► DataCamp Data Engineer in Databricks Track https://datacamp.pxf.io/9VQDxe
► DataCamp Data Engineer in Snowflake Track https://datacamp.pxf.io/jR20Dn
► DataCamp Introduction to Microsoft Fabric Course https://datacamp.pxf.io/5kLEmn
► Get 25% OFF DataCamp's Here https://datacamp.pxf.io/bOEe66

Notion Roadmap: https://candle-gosling-511.notion.site/Databricks-Roadmap-By-Data-With-Baraa-3ac34b251f12815f83a7dd11c4cc7f1b?source=copy_link
━━━━━━━━━━━━━━━━━━━━

*🏆 My Academy (recommended)*
- *SQL* https://www.datawithbaraa.com/course/sql-full-course-for-beginners
- *Python* https://www.datawithbaraa.com/course/the-ultimate-python-mastery
- *Python Handbook* https://academy.datawithbaraa.com/l/digital_download/998313/the-python-handbook
- *Tableau* https://www.datawithbaraa.com/course/tableau-ultimate-full-course-for-beginners

*🎓 Also on Udemy*
- *SQL* https://www.udemy.com/course/the-complete-sql-bootcamp-30-hours-go-from-zero-to-hero/?referralCode=D20781228C2EB8B98339
- *Python* https://www.udemy.com/course/the-complete-python-bootcamp-13hours-go-from-zero-to-hero/?referralCode=776491A4119FF8AF41CA
- *Tableau* https://www.udemy.com/course/the-tableau-ultimate-course-from-zero-to-hero/?referralCode=6544726FDC491A6B25EC

📬 *Newsletter (join 123k+ data friends)*
https://www.blog.datawithbaraa.com

━━━━━━━━━━━━━━━━━━━━

Compare Databricks vs Snowflake vs Microsoft Fabric behind the scenes, the storage, the compute and the pricing, and see which one you should learn

📖 *Table of Content*
0:00 Introduction
0:56 What is a data platform
3:28 Where the three come from
5:40 Storage
8:26 Compute
11:42 DataCamp
13:16 Pricing
15:59 Tools
18:01 Usage
19:31 What each one is best at
21:28 Which one should you learn
23:03 My honest opinion

━━━━━━━━━━━━━━━━━━━━

*CONNECT WITH ME*
💬 Discord https://discord.gg/gsVJbMxKcA
👨‍💻 LinkedIn https://www.linkedin.com/in/baraa-khatib-salkini/
📸 Instagram https://www.instagram.com/datawithbaraa/
🎥 TikTok https://www.tiktok.com/@datawithbaraa
🧭 Notion Roadmaps https://www.notion.com/@datawithbaraa

Note: some links above are affiliates. I may earn a small commission
if you enroll. Thank you for supporting the channel.

#databricks #snowflake #fabric #dataengineering #dataanalytics",UC8_RSKwbU1OmZWNEoLV1tQg,Data with Baraa,2026-07-29T12:29:46Z,27,Education,https://i.ytimg.com/vi/yPGEQ8vtuOw/hqdefault.jpg,"databricks vs snowflake vs fabric,databricks vs snowflake,microsoft fabric vs databricks,snowflake vs fabric,data platform comparison,modern data platform,what is databricks,what is snowflake,what is microsoft fabric,lakehouse vs warehouse,delta lake vs iceberg,which data platform to learn,data engineering platforms,databricks for beginners,snowflake for beginners,microsoft fabric tutorial,data with baraa,databricks vs fabric,fabric vs databricks",PT25M30S,41220,1650,213.0,0,en,en,False,True,public,hd,2d
eUrwxH9as_k,https://www.youtube.com/watch?v=eUrwxH9as_k,Data Engineers vs Data Analysts vs Data Scientists | What's right for you?,"Hi I'm Mo. I teach AI and data skills that solve real problems at work.
Start here → https://mochen.io
Partnerships → https://mochen.io/partnerships/

=========================================================

COURSES & CERTIFICATES
Get 25% OFF DataCamp's Courses & Certificates: https://datacamp.pxf.io/DataCampMoChen

INDUSTRY RECOGNIZED CERTIFICATIONS
Data Analyst Certification Program: https://datacamp.pxf.io/dataAnalystCertDataCamp
PowerBI Data Analyst Certification Program: https://datacamp.pxf.io/PowerBIDataAnalyst
Data Scientist Certification Program: https://datacamp.pxf.io/DataScientistCert
SQL Associate Certification Program: https://datacamp.pxf.io/SQLAssociateCert

TOP DATA ANALYST COURSES
Data Analyst with Python: https://datacamp.pxf.io/dataAnalystWithPython
Data Analyst with PowerBI: https://datacamp.pxf.io/dataAnalystPowerBIMoChen
Associate Data Analyst in SQL: https://datacamp.pxf.io/AssociateDataAnalystSQL

TOP DATA SCIENTIST COURSES
Associate Data Scientist in Python: https://datacamp.pxf.io/AssociateDataScientistPython
Associate Data Scientist in R: https://datacamp.pxf.io/AssociateDataScientistR

TOP DATA ENGINEER COURSES
Data Engineer in Python: https://datacamp.pxf.io/DataEngineerInPython

TOP BUSINESS INTELLIGENCE COURSES
PowerBI Fundamentals: https://datacamp.pxf.io/PowerBIFundamentals
Tableau Fundamentals: https://datacamp.pxf.io/TableauFundamentals

TOP PROGRAMMING LANGUAGE COURSES
Python Fundamentals for Data Science: https://datacamp.pxf.io/PythonFundamentalsDataScience
Python Fundamentals for Programming: https://datacamp.pxf.io/PythonFundamentalsProgramming
SQL Fundamentals: https://datacamp.pxf.io/SQLFundamentals
R Programming Fundamentals: https://datacamp.pxf.io/RFundamentals

TOP AI COURSES
AI Engineer for Developers Course: https://datacamp.pxf.io/AIEngineerDevelopers
AI Engineer for Data Scientists Course: https://datacamp.pxf.io/AIEngineerDataScientists
Developing AI Applications Course: https://datacamp.pxf.io/AIApplications

TIMESTAMPS
00:00 Intro and Organizational Data Flow
01:08 Data Engineer
02:15 Data Analyst
04:03 Data Scientist
06:08 Recap",UCDybamfye5An6p-j1t2YMsg,Mo Chen,2023-10-15T12:38:26Z,22,People & Blogs,https://i.ytimg.com/vi/eUrwxH9as_k/hqdefault.jpg,,PT7M40S,116816,4656,139.0,0,en,en-US,False,True,public,hd,2d
XetocRd2pdA,https://www.youtube.com/watch?v=XetocRd2pdA,Salaries as Data Engineer ? 50 LPA ??? 10 LPA ?? ya 100 LPA? #automobile #dataengineeringessentials,"ABOUT ME:
I'm Amey, a Senior Data Engineer who builds scalable data pipelines and Big Data solutions. Join my channel for in-depth tutorials on Data Engineering, Apache Spark, and cloud-based data architectures.

📌 Connect with me:
Linkedin: https://www.linkedin.com/in/amey-bhilegaonkar/
Instagram: https://www.instagram.com/ameygoes
YouTube: www.youtube.com/@ameygoes


🎓 Learn how to become a Data Engineer without a Computer Science degree
💼 Discover how to land high-paying Data Engineering jobs at top tech companies
🚀 Master the skills needed for Data Pipeline development and Big Data processing


🕒 Timestamps:

🎯 Key Data Engineering Topics Covered:


---------------------------------
Check out my Podcasts:
[https://www.youtube.com/playlist?list=PL5ky7YdkyKpN1A5eVd9k9hVYFrqpHf8Gg]

Fundamentals of Data Engineering Playlist: [https://www.youtube.com/playlist?list=PL5ky7YdkyKpN31xvF6NV15GPnhpHBwtJV]
---------------------------------
⭐ Tags:
amey bhilegaonkar,Data Buzz,Accidental Data Engineer,data engineer,data engineering,data engineer interview,data engineer for beginners,data engineer jobs,data engineer full course,data engineer roadmap,how to become data engineering,how to make career in data engineer,data engineer vs data engineering,internship,data engineer internship,data engineer complete roadmap,data engineer skills,how to master data engineer,fresher data engineering,how to start with data engineer,joma,data engineer,data engineering,a day in life at apple,a day in life of a data engineering,apple data engineering,apple data engineer interview,data engineer roadmap 2024,data engineer interview,data engineer for beginners,data engineering in faang,service based to product based company,data engineering salary,data engineer jobs,faang,apple data engineering,google data engineering,data engineer course,shashank mishra,e learning bridge,data engineer,data engineering,a day in life of a data engineering,microsoft data engineering,microsoft data engineer interview,data engineer roadmap 2023,data engineer interview,data engineer for beginners,data engineering in faang,data engineering salary,data engineer interview,data engineer for beginners,data engineering in faang,service based to product based company,data engineering salary,data engineer jobs,faang,maang,data engineer course,tcs to product based company,data engineer,data engineer roadmap,data engineer,data engineering,data engineer interview,data engineer for beginners,data engineer jobs,data engineer full course,data engineer roadmap,how to become data engineering,how to make career in data engineer,data engineer vs data engineering,data engineer complete roadmap,data engineer skills,how to master data engineer,non tech to data engineer,data engineer with python,degree vs skills,data engineer facts,how to learn data analyst skills,how to become a data analyst,how to become data analyst,data analyst for beginners,how to learn data analyst,data engineering,big data,ETL,data pipeline,data warehouse,cloud computing,Apache Spark,SQL,Python,data analytics,machine learning,data engineer,DataOps,MLOps,data mesh,data governance,Kafka,Snowflake,Databricks,Airflow,dbt,AWS,Azure,GCP,Kubernetes,Docker,NoSQL,data modeling,real-time analytics,stream processing,data architecture,data integration,data migration,data quality,data visualization,Hadoop,MapReduce,Scala,data lake,data lakehouse,serverless computing,data engineer career,data engineering projects,data engineering tools,data engineering tutorials,data engineering best practices

#DataEngineering #FAANG #DataEngineeringCareer",UC0pywqwLO5KfEwlVBIu6hdQ,Accidental Data Engineer,2024-12-12T12:30:26Z,27,Education,https://i.ytimg.com/vi/XetocRd2pdA/hqdefault.jpg,"amey bhilegaonkar,Data Buzz,data engineer,data engineering,data engineer interview,data engineer jobs,data engineer full course,how to become data engineering,data engineer internship,data engineer skills,fresher data engineering,how to start with data engineer,joma,a day in life at apple,a day in life of a data engineering,apple data engineering,data engineering in faang,data engineering salary,faang,microsoft data engineering,maang,data engineer career",PT1M,63884,725,20.0,0,en-IN,en-IN,False,False,public,hd,2d
kTr8i5S_2T0,https://www.youtube.com/watch?v=kTr8i5S_2T0,Data Analyst vs Data Scientist vs Data Engineer Explained,"Confused between Data Analyst, Data Engineer & Data Scientist roles?

In this short, I’ll break down:

What each role actually does

What tools they use

Which one YOU should choose based on your career goals

Whether you’re just starting out or switching careers — watch this before you decide!

Don’t forget to LIKE, COMMENT, and SUBSCRIBE for more data content every week!

#dataanalyst #dataengineer #datascientist #shorts #techcareers",UCqthnyniZheHyw_r8s_qoDQ,Rajat jain,2025-05-23T17:06:04Z,27,Education,https://i.ytimg.com/vi/kTr8i5S_2T0/hqdefault.jpg,"data analyst,datascientist,dataengineer,dataanalyst vs Data Scientist,how to become data analyst,Python,sql,Tableau,powerbi,data jobs explained",PT39S,71491,1120,51.0,0,en,en,False,True,public,hd,2d
wyGAYa2UMXQ,https://www.youtube.com/watch?v=wyGAYa2UMXQ,What Is Data Engineering - Why Is Data Engineering Important?,"What do data engineers do?

Do they build data pipelines?

Do they build data warehouses?

Sure, but why?

If you're team needs help setting up your data engineering processes, roadmap, or infrastructure , then set-up some time with me here - https://calendly.com/ben-rogojan/consultation

Also, if you'd like to dive deeper into data strategy and infrastructure and you'd like to support me,  you can consider becoming a paid member of my Substack. I have over 100 articles that cover everything from data engineering 101 to leading data teams. Sign up with the link below and get 30% off. - https://seattledataguy.substack.com/148e9023


Or check out my blog
https://www.theseattledataguy.com/

And if you want to support the channel, then you can become a paid member of my newsletter
https://seattledataguy.substack.com/subscribe


Tags: Data engineering projects, Data engineer project ideas, data project sources, data analytics project sources, data project portfolio

_____________________________________________________________
Subscribe: https://www.youtube.com/channel/UCmLGJ3VYBcfRaWbP6JLJcpA?sub_confirmation=1
_____________________________________________________________
About me:
I  have spent my career focused on all forms of data. I have focused on developing algorithms to detect fraud, reduce patient readmission and redesign insurance provider policy to help reduce the overall cost of healthcare. I have also helped develop analytics for marketing and IT operations in order to optimize limited resources such as employees and budget. I privately consult on data science and engineering problems both solo as well as with a company called Acheron Analytics. I have experience both working hands-on with technical problems as well as helping leadership teams develop strategies to maximize their data.

*I do participate in affiliate programs, if a link has an ""*"" by it, then I may receive a small portion of the proceeds at no extra cost to you.",UCmLGJ3VYBcfRaWbP6JLJcpA,Seattle Data Guy,2023-03-01T15:28:01Z,24,Entertainment,https://i.ytimg.com/vi/wyGAYa2UMXQ/hqdefault.jpg,"data engineering,information engineering,information engineering vs computer science,data engineering skills,how to become a data engineer,seattle data guy,ben rogojan,data engineer vs data scientist,how to become a data engineer in 2023,big data engineer,should i become a data engineer,what do data engineers do,what is data engineering,data analytics,why data engineering,data engineering tutorials,data engineer,become a data engineer,data engineer skills",PT8M50S,104401,1607,59.0,0,en,,False,True,public,hd,2d
SDPKsYBBQD4,https://www.youtube.com/watch?v=SDPKsYBBQD4,Fastest Way to Become a Self Taught Data Engineer and Get a Job,"Top Pick Data Engineer SQL Course: https://datacamp.pxf.io/6y9NgG
Top Pick Data Engineer Python Course: https://datacamp.pxf.io/EEXNZK

The fastest 6 months roadmap to become a Data Engineer. From gaining skills, to adding portfolio projects. Also includes important job hunting, interview and resume tips. 

Book 1:1 mentoring sessions: https://topmate.io/jash_radia
LinkedIn: https://www.linkedin.com/in/jashradia/
Instagram: https://www.instagram.com/jash.radia/

Skills:
Python e-book: https://automatetheboringstuff.com/
Python course:  https://datacamp.pxf.io/EEXNZK
DBMS: https://www.studytonight.com/dbms/
SQL course: https://datacamp.pxf.io/6y9NgG
SQL certification: https://datacamp.pxf.io/dO0z7k
AWS: https://www.udemy.com/course/aws-certified-solutions-architect-associate-saa-c03
GCP: https://www.cloudskillsboost.google/paths/12
Azure: https://www.youtube.com/watch?v=KiB4eAeFRsw
Spark: https://www.udemy.com/course/taming-big-data-with-apache-spark-hands-on
Kafka: https://kafka.apache.org/documentation/
Airflow: https://airflow.apache.org/docs/apache-airflow/stable/index.html 
Flink: https://developer.confluent.io/courses/apache-flink/intro/

Projects:
Batch datasets
Gov: https://data.gov
AWS: https://aws.amazon.com/opendata/
Azure: https://azure.microsoft.com/en-us/products/open-datasets
GCP: https://cloud.google.com/bigquery/public-data
Realtime datasets: https://github.com/bytewax/awesome-public-real-time-data
Batch project: https://www.startdataengineering.com/post/data-engineering-project-for-beginners-batch-edition/ 
Real time project: https://www.startdataengineering.com/post/data-engineering-project-for-beginners-stream-edition/ 

Referenced YouTube videos:
My recommendation for DE Certificates: https://youtu.be/pYYtYG6hU9w
Snowflake roadmap: https://youtu.be/7nzDoH-SOLw
Interview Prep: https://youtu.be/jdrwZfeTd-o?si=bWTfgbsmYlFp7ASo

#cloud #dataengineering #learning #jobs 

0:00 Why Data Engineering
0:51 Data Engineer vs Analyst vs Scientist
2:00 Prerequisites
4:11 Modern Data Stack
7:02 Projects
8:42 Job and Interview Prep",UCWegChjG2YNdVMobQEMxolQ,Jash Radia,2025-09-06T05:30:25Z,27,Education,https://i.ytimg.com/vi/SDPKsYBBQD4/hqdefault.jpg,"Data Engineer roadmap,learn data engineering today,How to be a data engineer,what skills are needed for data engineering,which tools to learn for data engineers,Fastest way to be a data engineer,how to learn cloud for data engineering,learn AWS for data engineers,data engineering study guide,data engineer step by step guide,how long does it take to be a data engineer,learn data engineering and get a job,data engineering interview,data engineering projects",PT10M49S,113334,4516,218.0,0,en,en-US,False,True,public,hd,2d
iEQJYVCb8Fo,https://www.youtube.com/watch?v=iEQJYVCb8Fo,Azure Data Engineer Roadmap with Free Resources!!,"𝗜 𝗵𝗮𝘃𝗲 𝗽𝗿𝗲𝗽𝗮𝗿𝗲𝗱 𝗖𝗼𝗺𝗽𝗹𝗲𝘁𝗲 𝗜𝗻𝘁𝗲𝗿𝘃𝗶𝗲𝘄 𝗣𝗿𝗲𝗽𝗮𝗿𝗮𝘁𝗶𝗼𝗻 𝗚𝘂𝗶𝗱𝗲 𝗳𝗼𝗿 𝗗𝗮𝘁𝗮 𝗘𝗻𝗴𝗶𝗻𝗻𝗲𝗿𝘀.

𝗚𝗲𝘁 𝘁𝗵𝗲 𝗚𝘂𝗶𝗱𝗲 𝗵𝗲𝗿𝗲 - https://lnkd.in/gJWSVKNM
𝗖𝗼𝘂𝗽𝗼𝗻 𝗰𝗼𝗱𝗲 - AZURE20 / AWS20 / GCP20 to get discounts for next 10 users.


In this video, I’ll take you through a step-by-step roadmap to become a Data Engineer in just 90 days. 

Whether you’re a complete beginner or looking to switch careers, this roadmap covers everything you need to know—from mastering essential 
tools like SQL, Python, Pyspark, Data Warehousing and Data Modeling Azure Cloud, Interview Preparation.

I’ll break down the skills, projects, and resources you need to focus on each week to build a solid foundation in Data Analytics.


Download the Roadmap: https://drive.google.com/file/d/1jsQdcGDEsP-gSqDGQ4rxdwKIxVikK46F/view?usp=sharing


Connect with me:

Instagram: instagram.com/shubhaam.codes
LinkedIn: https://www.linkedin.com/in/shubhamwadekar/
Data Engineers - Interview Prep : https://linktr.ee/shubham_wadekar1
Whatsapp community: https://whatsapp.com/channel/0029VanKrG4DOQId4uezM11k


CHAPTERS:

00:00 Why Data Engineering?
00:40 About Me
01:04 Roles in Data Engineering
01:40 How you can become a Azure Data Engineer
01:58 SQL
03:04 Python
03:50 Data Warehousing and Data Modeling
04:54 Linux
05:04 Pyspark
05:45 Azure Cloud
07:10 GIT/GITLAB/CICD
07:40 Projects
08:12 Practice on Azure Portal
09:01 Interview Preparation
10:02 Certification


✨ Tags ✨

roadmap for azure data enginner, how to become a data engineer, free resources for data engineer, certification for azure, dp-203, master azure for data engineering, learn azure data engineering, data analytics, Interview Preparation material for data engineer, Shubham Wadekar, Data Engineering jobs, Data careers, Data engineering courses, how to become a data engineer, how to become a data engineer

✨ Hashtags ✨

#dataengineering #azure #roadmap #resources #data #cloud #free #microsoft",UCO9qM2n02cap7qtH79s4J9A,Shubham Wadekar,2025-03-24T14:32:32Z,28,Science & Technology,https://i.ytimg.com/vi/iEQJYVCb8Fo/hqdefault.jpg,#dataengineering #azure #roadmap #resources #data #cloud #free #microsoft,PT10M46S,138375,3719,236.0,0,en,en,False,True,public,hd,2d
0GTZ-12hYtU,https://www.youtube.com/watch?v=0GTZ-12hYtU,Azure End-To-End Data Engineering Project (From Scratch!),"Azure Data Engineering End-To-End Project | Azure Data Factory | Databricks | Pyspark | Azure Synapse Anlaytics

In this video, I take you through End-to-End Data Engineering project from scratch where I leverage powerful technologies like Azure Data Factory, Azure Data Lake, Databricks, Azure Synapse Analytics, and Apache Spark.

🔍 What You’ll Learn:
- How to design and implement a robust data pipeline using Azure Data Factory.
- The process of data integration and transformation with Databricks.
- Utilizing Azure Synapse Analytics for efficient data warehousing and analytics.
- Best practices for handling big data solutions and real-time data processing with Apache Spark.
- And some Azure Data Engineer Interview Questions

Data Source Link : https://github.com/anshlamba03/Adventure-Works-Data-Engineering-Project/tree/main/Data
Spark & Synapse Script : https://github.com/anshlamba03/Adventure-Works-Data-Engineering-Project/tree/main/Reference%20Script
Azure Portal Account : https://portal.azure.com/
Original Dataset Link : https://www.kaggle.com/datasets/ukveteran/adventure-works?

Timestamps  
0:00 Introduction
1:52 Data Architecture
10:43 Azure Free Account
15:07 Data Understanding (API)
18:41 Data Ingestion (Bronze Layer)
19:01 Creating Azure Resources
34:49 Azure Data Factory Overview
37:27 Azure Data Lake Gen2
40:37 ETL Pipelines with Azure Data Factory
1:01:16 Real-Time Scenarios with ADF
1:39:03 Azure Databricks Resource
1:44:20 Databricks Cluster & Overview
1:51:55 Service Principle
2:02:00 Data Transformation with Databricks
2:09:01 Apache Spark (Silver Layer)
2:30:20 Pyspark Tutorial
3:09:26 Big Data Analytics with Pyspark
3:19:08 Azure Synapse Analytics (Gold Layer)
3:52:58 Openrowset() function 
4:06:17 External Tables in Synapse Analytics
4:29:02 Integrate Data Warehouse with PBI



Connect with ME - https://www.linkedin.com/in/ansh-lamba-793681184/



Please Hit the SUBSCRIBE button❤️to support me and my hard work. 

⭐Hashtags⭐
#Azure #dataengineering #databricks",UCu7lQE-L5gzt8aD7zuuufjw,Ansh Lamba,2024-11-03T13:00:01Z,27,Education,https://i.ytimg.com/vi/0GTZ-12hYtU/hqdefault.jpg,"azure end to end data engineering project,data engineering project,azure data factory,databricks,pyspark,azure data engineering project end to end,data engineering project azure end to end,azure data engineer",PT4H39M17S,355279,7281,1068.0,0,en,en,False,True,public,hd,2d
nFT0M7JJtsw,https://www.youtube.com/watch?v=nFT0M7JJtsw,Data Engineering RoadMap,"🚀 Roadmap to Become a Data Engineer in 2025 💻📊

Want to start your career in Data Engineering but don’t know where to begin? Here’s a step-by-step roadmap covering everything from SQL basics to Big Data tools, Cloud Platforms, Data Orchestration, Real-Time Pipelines, and CI/CD for Data.

📌 Stages Covered:
🔹 Stage 1 – SQL & Database Fundamentals 🗄️
🔹 Stage 2 – Python for Data Engineering 🐍
🔹 Stage 3 – Data Modeling & ETL/ELT Design 🏗️
🔹 Stage 4 – Big Data Tools ⚡
🔹 Stage 5 – Cloud Platforms ☁️
🔹 Stage 6 – Data Orchestration 🔄
🔹 Stage 7 – Data Lakes & Warehouses 💧🏢
🔹 Stage 8 – Monitoring, Testing & Governance 🛡️
🔹 Stage 9 – Real-Time Pipelines ⏱️
🔹 Stage 10 – CI/CD & DevOps for Data ⚙️

✨ Follow this roadmap and you’ll transform into a skilled Data Engineer ready for top tech jobs!


---

🔑 Keywords: Data Engineer, Data Engineering Roadmap, Big Data, ETL, Cloud Computing, Data Pipelines, SQL, Python, DevOps for Data, Data Lakes, Real-Time Streaming

📌 Hashtags:
#DataEngineer #DataEngineering #BigData #SQL #Python #ETL #DataPipelines #CloudComputing #DevOps #AI #MachineLearning #TechCareer #CareerGrowth #DataScience#viral #viralvideo #trending #trendingshorts #shortvideo #shorts",UCigb9xf3iekhQiVh5XKW6Ww,CodewithPrashant ,2025-09-04T03:46:44Z,22,People & Blogs,https://i.ytimg.com/vi/nFT0M7JJtsw/hqdefault.jpg,,PT7S,229103,3140,15.0,0,en,,False,False,public,hd,2d
wZRtWvXZL3U,https://www.youtube.com/watch?v=wZRtWvXZL3U,Stop Buying Bootcamps. Use This FREE Data Engineer Roadmap (2026),"Today, I am giving you the exact, step-by-step Data Engineering roadmap I would use to learn DE to get hired right now, and the strict rule for this video is that all the resources/courses I show you are completely free.

👉 Book 1:1 mentoring sessions: https://topmate.io/jash_radia
LinkedIn: https://www.linkedin.com/in/jashradia/
Instagram: https://www.instagram.com/jash.radia/

Resources Mentioned:
SQLBolt: https://sqlbolt.com/
ThoughtSpot SQL Tutorial: https://www.thoughtspot.com/sql-tutorial
DataLemur SQL questions: https://datalemur.com/questions

CS50 Python: https://cs50.harvard.edu/python/
Python for Everyone: https://www.py4e.com/
Automate the Boring Stuff: https://automatetheboringstuff.com
DSA Roadmap: https://roadmap.sh/datastructures-and-algorithms
LeetCode: https://leetcode.com/studyplan/top-interview-150/

DBMS: https://www.youtube.com/watch?v=4cWkVbC2bNE
OS: https://pages.cs.wisc.edu/~bart/537/lecturenotes/titlepage.html
Shell, Git and more: https://missing.csail.mit.edu/

Spark: https://spark.apache.org/docs/latest/sql-getting-started.html
Spark 2: https://www.databricks.com/spark/getting-started-with-apache-spark
Databricks Free Edition: https://www.databricks.com/learn/free-edition
Databricks Course: https://www.youtube.com/watch?v=0Hd5vYqin7w
Databricks Cert: https://www.databricks.com/learn/certification/data-engineer-associate

Data Modeling quick guide: https://www.holistics.io/books/setup-analytics/kimball-s-dimensional-data-modeling/
Data Modeling detailed guide: https://www.kimballgroup.com/data-warehouse-business-intelligence-resources/kimball-techniques/dimensional-modeling-techniques/
Snowflake free trial: https://signup.snowflake.com/
Snowflake courses and dev guides: https://www.snowflake.com/en/developers/guides/
https://www.snowflake.com/en/developers/guides/

AWS Sol arch learning: https://www.youtube.com/watch?v=c3Cn4xYfxJY
AWS skill builder: https://skillbuilder.aws/category/select/role
GCP Cloud Eng learning: https://www.cloudskillsboost.google/paths/11
Azure Fabric DE learning: https://www.youtube.com/watch?v=KiB4eAeFRsw

Kafka: https://developer.confluent.io/courses/apache-kafka/events/
Kafka docs: https://kafka.apache.org/43/getting-started/introduction/
Flink: https://developer.confluent.io/courses/apache-flink/intro/

Great Expectations for DQ: https://greatexpectations.io/
DataHub for catalog and lineage: https://datahub.com/
MLOps: https://madewithml.com/

Coding with AI: https://code.claude.com/docs/en/how-claude-code-works
My Top 5 AI courses:
https://www.deeplearning.ai/courses/chatgpt-prompt-eng
https://www.deeplearning.ai/courses/langchain
https://qdrant.tech/course/
https://www.deeplearning.ai/courses/ai-agents-in-langgraph
https://www.deeplearning.ai/courses/long-term-agentic-memory-with-langgraph 

0:00 Intro and Why Data Engineering
2:34 SQL
3:29 Python and DSA
4:40 DBMS and OS
5:48 Spark and Databricks
6:57 Data Modeling and Snowflake
9:09 Cloud
10:06 Realtime Analytics
11:34 Governance and MLOps
12:29 AI
14:05 Projects and Datasets


#dataengineering #roadmap #artificialintelligence #cloud #learning",UCWegChjG2YNdVMobQEMxolQ,Jash Radia,2026-08-01T04:30:01Z,27,Education,https://i.ytimg.com/vi/wZRtWvXZL3U/hqdefault.jpg,"free data engineering roadmap,data engineering roadmap 2026,how to become a data engineer,learn data engineering for free,stop buying coding bootcamps,modern data stack tutorial,build data pipeline for free,best data engineering projects,data engineering full course free,ai data engineer roadmap,learn python and sql,data engineering crash course,self taught data engineer,getting a data engineering job,data engineering projects,learn ai for data engineering",PT15M40S,17377,1102,165.0,0,en,en-US,False,True,public,hd,2d
ol9_NnC9-cc,https://www.youtube.com/watch?v=ol9_NnC9-cc,"Data Engineer Bootcamp (FREE 27+ Hour Course) - SQL, Python, Cloud, Bash, AI, Git & GitHub","Free 10-Day Data Engineer Crash Course 👉 https://lukeb.co/de-crash-course
Data Engineer Course Bundle (470+ interview problems, certificates, & more) 👉 https://lukeb.co/data-engineer-bundle

𝗗𝗮𝘁𝗮 𝗘𝗻𝗴𝗶𝗻𝗲𝗲𝗿𝗶𝗻𝗴 𝗕𝗼𝗼𝘁𝗰𝗮𝗺𝗽
▔▔▔▔▔▔▔▔▔▔▔▔
0:00:00 Bootcamp Intro
0:11:01 Fundamentals: Intro
0:13:24 Fundamentals: Stages - DE Lifecycle
0:35:16 Fundamentals: Undercurrents - DE Lifecycle
0:42:42 Fundamentals: Top DE Skills to Focus

𝗦𝗤𝗟 𝗳𝗼𝗿 𝗗𝗮𝘁𝗮 𝗘𝗻𝗴𝗶𝗻𝗲𝗲𝗿𝗶𝗻𝗴
▔▔▔▔▔▔▔▔▔▔▔
0:47:22 SQL Intro
1:06:01 Ch 1 - Setup & Basics
1:39:28 Ch 1 - Operators & Functions
2:42:23 Ch 1 - Terminal Intro
3:15:54 Ch 1 - Local DuckDB Intro
3:53:46 Ch 1 - VS Code Intro
4:16:18 Ch 1 - Data Modeling & JOINs
5:18:13 Project #1 - Exploratory Data Analysis
6:57:49 Ch 2 - Data Types
7:14:39 Ch 2 - DDL & DML
8:17:50 Ch 2 - Subqueries & CTEs
9:32:17 Ch 2 - Data Modeling Pt.2
10:16:15 Ch 2 - Functions (Date, Text, & NULL)
11:13:38 Ch 2 - Window Functions
11:47:26 Ch 2 - Nested Functions
13:19:58 Project #2 - Data Warehouse & ETL Pipeline

𝗖𝗵𝗮𝘁𝗚𝗣𝗧 𝗳𝗼𝗿 𝗗𝗮𝘁𝗮 𝗔𝗻𝗮𝗹𝘆𝘁𝗶𝗰𝘀
▔▔▔▔▔▔▔▔▔▔▔▔
15:32:34 ChatGPT Tutorial

𝗣𝘆𝘁𝗵𝗼𝗻 𝗳𝗼𝗿 𝗗𝗮𝘁𝗮 𝗔𝗻𝗮𝗹𝘆𝘁𝗶𝗰𝘀
▔▔▔▔▔▔▔▔▔▔▔
16:10:14 Python Intro
16:18:56 Ch 1 - Getting Started
16:48:20 Ch 1 - Data Types
17:44:38 Ch 1 - Lists, Dictionaries, Sets, Tuples
18:31:20 Ch 1 - Loops, List Comprehensions
19:02:26 Ch 1 - Functions, Library, Classes
20:20:58 Ch 1 - NumPy: Intro
20:33:10 Ch 1 - Pandas: Intro
21:27:33 Ch 1 - Matplotlib: Intro
22:01:10 Ch 2 - Python Local Install (Anaconda)
22:37:29 Ch 2 - Pandas: Advanced
24:27:35 Ch 2 - Matplotlib: Format Charts
25:41:53 Ch 2 - Seaborn: Intro
25:55:54 Project #3 - Job & Skill Pipeline Analysis

₋₋₋₋₋₋₋₋₋₋₋₋₋₋₋₋₋₋₋₋₋
𝗟𝗶𝗻𝗸𝘀 & 𝗥𝗲𝘀𝗼𝘂𝗿𝗰𝗲𝘀
▔▔▔▔▔▔▔▔

𝗦𝗤𝗟 𝗳𝗼𝗿 𝗗𝗮𝘁𝗮 𝗘𝗻𝗴𝗶𝗻𝗲𝗲𝗿𝗶𝗻𝗴
▔▔▔▔▔▔▔▔▔▔▔
📁 FREE Course Files & Project 👉 https://lukeb.co/sql-de-github
🏆 Supporter Access: Problems, Certificate, & More 👉 https://lukeb.co/sql-de

Attach the data_jobs database based on your region by running ONE of the following:
-- us-east-1 or eu-central-1 
ATTACH 'md:_share/data_jobs/87603155-cdc7-4c80-85ad-3a6b0d760d93' AS data_jobs;
-- us-west-2 
ATTACH 'md:_share/data_jobs/a94f9b8a-2b8a-473f-bb86-de09552f052d' AS data_jobs;
-- eu-west-1 
ATTACH 'md:_share/data_jobs/058ad1f4-939b-4998-95e1-0df8f8644f3c' AS data_jobs;
-- ap-northeast-1
ATTACH 'md:_share/data_jobs/bfebcfd1-016a-4f13-87b1-e6cb852eda98' AS data_jobs;
-- ap-southeast-2
ATTACH 'md:_share/data_jobs/dddd85e6-ba93-40d0-8649-bc91194f0afe' AS data_jobs;

⚠️ MotherDuck free trial expired? 
No worries — just go to Settings → Plans in the UI and select the Lite plan (still 100% free, no credit card needed)

My Job Market Analytics App 👉 https://datanerd.tech
Project #1 👉 https://lukeb.co/sql-de-project1
Project #2 👉 https://lukeb.co/sql-de-project2
MotherDuck Signup 👉 https://lukeb.co/motherduck
DuckDB Install 👉 https://lukeb.co/duckdb

𝗖𝗵𝗮𝘁𝗚𝗣𝗧 𝗳𝗼𝗿 𝗗𝗮𝘁𝗮 𝗔𝗻𝗮𝗹𝘆𝘁𝗶𝗰𝘀
▔▔▔▔▔▔▔▔▔▔▔▔
Data Jobs File 👉🏼 https://lukeb.co/jobs_file

𝗣𝘆𝘁𝗵𝗼𝗻 𝗳𝗼𝗿 𝗗𝗮𝘁𝗮 𝗔𝗻𝗮𝗹𝘆𝘁𝗶𝗰𝘀
▔▔▔▔▔▔▔▔▔▔▔
📁 FREE Course Files & Project 👉 https://lukeb.co/python_repo
🏆 Supporter Access: Problems, Certificate, & More 👉 https://lukeb.co/python

1️⃣ Basics Links
- Dataset (Hugging Face) - https://huggingface.co/datasets/lukebarousse/data_jobs
- Python Docs - https://docs.python.org
- Matplotlib Docs - http://matplotlib.org/
- Matplotlib CheatSheet - https://matplotlib.org/cheatsheets/

2️⃣ Advanced Links
- VS Code Install - https://code.visualstudio.com/download
- Anaconda Install - https://anaconda.com/download/success
- Anaconda Docs - https://docs.conda.io
- Software Jobs CSV - https://lukeb.co/software_csv
- Joins Explained (SQL for Data Analytics) - https://lukeb.co/sql_joins
- Pandas Cheat Sheet - https://pandas.pydata.org/Pandas_Cheat_Sheet.pdf
- Seaborn Docs - https://seaborn.pydata.org/

3️⃣ Project Links
- Git Download - https://git-scm.com/downloads
- GitHub Signup - http://github.com/signup
- Markdown CheatSheet - https://www.markdownguide.org/cheat-sheet/

𝗠𝘆 𝗖𝗼𝘂𝗿𝘀𝗲𝘀 𝗳𝗼𝗿 𝗗𝗮𝘁𝗮 𝗡𝗲𝗿𝗱𝘀
▔▔▔▔▔▔▔▔▔▔▔▔
💽 SQL for Data Analytics 👉🏼 https://youtu.be/7mz73uXD9DA
🛠️ SQL for Data Engineering 👉🏼 https://youtu.be/UjhFbq4uU2Y
❎ Excel for Data Analytics 👉🏼 https://youtu.be/pCJ15nGFgVg
📊 Power BI for Data Analytics 👉🏼 https://youtu.be/FwjaHCVNBWA
🐍 Python for Data Analytics 👉🏼 https://youtu.be/wUSDVGivd-8
⚛️ ChatGPT for Data Analytics 👉🏼 https://youtu.be/uhyMqbZI6rM
🙌 Course Bundles 👉🏼 https://lukeb.co/courses

𝗦𝗼𝗰𝗶𝗮𝗹 𝗠𝗲𝗱𝗶𝗮
▔▔▔▔▔▔
📫 Newsletter: https://lukebarousse.com/crash-courses
👨🏼‍💼 LinkedIn: https://www.linkedin.com/in/luke-b/
👾 GitHub: https://github.com/lukebarousse
🅧 X/Twitter: https://twitter.com/LukeBarousse
🌄 Instagram: https://www.instagram.com/lukebarousse/
⏰ TikTok: https://www.tiktok.com/@lukebarousse

 #dataengineer #bootcamp #datanerd",UCLLw7jmFsvfIVaUFsLs8mlQ,Luke Barousse,2026-06-15T12:00:33Z,26,Howto & Style,https://i.ytimg.com/vi/ol9_NnC9-cc/hqdefault.jpg,,P1DT3H19M55S,110561,4953,260.0,0,en,en-US,True,True,public,hd,2d
eP-58JBb0Eo,https://www.youtube.com/watch?v=eP-58JBb0Eo,How I Became a Self-Taught Data Engineer (Complete Story),"Become a Job-Ready Data Engineer - https://datavidhya.com/

I never planned to become a data engineer, but life had other plans. My complete story: first internship, first job, freelancing, starting YouTube, and the hardest year of my life that I've never shared publicly. Unscripted and honest.

👦🏻 My LinkedIn - https://www.linkedin.com/in/darshil-parmar/
 📷 Instagram - https://www.instagram.com/datawithdarshil
🎯Twitter - https://twitter.com/parmardarshil07

🌟 Please leave a LIKE ❤️ and SUBSCRIBE for more AMAZING content! 🌟


✨ Hashtags ✨
#dataengineering #roadmap #life",UCChmJrVa8kDg05JfCmxpLRw,Darshil Parmar,2026-07-26T14:53:37Z,27,Education,https://i.ytimg.com/vi/eP-58JBb0Eo/hqdefault.jpg,"my journey as a data engineer,how to become a data engineer,data engineering,data engineer career,data engineer roadmap,data engineering for beginners,career switch to data engineering,data science vs data engineering,how I became a data engineer,data engineer salary india,freelance data engineer,data engineering projects,learn data engineering,self taught data engineer,data engineering career path",PT35M53S,21052,805,107.0,0,en-IN,en-IN,False,True,public,hd,2d
v7pCoSGXqZI,https://www.youtube.com/watch?v=v7pCoSGXqZI,Data Engineering 101 - The Beginner's Guide [2026],"Data Engineering | Data Modeling | Data Engineer | Databricks | Snowflake | Azure Data Engineer | PySpark | Apache Spark

What you will learn?
This Data Engineering Masterclass is designed to take you from the fundamentals to advanced concepts, making it ideal for both complete beginners and professionals looking to strengthen their data engineering skills. Throughout the course, you'll build a solid understanding of core concepts, including ETL, data warehousing, data pipelines, Delta Lake, the Lakehouse architecture, and batch versus streaming data processing. You'll also gain hands-on experience with industry-leading tools and technologies such as Apache Spark, Databricks, Azure Data Engineering, Apache Kafka, and Apache Airflow. In addition, you'll learn data management best practices and apply your knowledge through real-world projects and case studies, giving you the practical skills and confidence needed to become a proficient data engineer.

UDEMY Courses:
Apache Airflow Bootcamp
https://www.udemy.com/course/apache-airflow-3-the-complete-bootcamp-with-projects/?couponCode=DATAFAMJUNE2026
Apache Spark 4.0 Bootcamp
https://www.udemy.com/course/databricks-certified-associate-developer-for-apache-spark-4/?couponCode=DATAFAMJUNE2026
Databricks Data Engineer 
https://www.udemy.com/course/databricks-certified-data-engineer-associate-bootcamp/?couponCode=DATAFAMJUNE2026
Fabric Data Engineer 
https://www.udemy.com/course/databricks-certified-data-engineer-associate-bootcamp/?couponCode=DATAFAMJUNE2026


=======================================
Join this channel to SUPPORT MY HARDWORK:
https://www.youtube.com/channel/UCu7lQE-L5gzt8aD7zuuufjw/join
=======================================

Connect with ME 
LinkedIn - https://www.linkedin.com/in/ansh-lamba-793681184/
Telegram - https://t.me/anshlambadatafam
 
=========================
For COLLABORATION 👇
anshlambacollab@gmail.com
=========================

⭐Hashtags⭐
#dataengineering #dataengineer #databricks #azuredataengineer #pyspark #apachespark #apacheairflow #datamodeling #datawarehouse #datawarehousing",UCu7lQE-L5gzt8aD7zuuufjw,Ansh Lamba,2026-07-26T12:30:15Z,27,Education,https://i.ytimg.com/vi/v7pCoSGXqZI/hqdefault.jpg,"Data Engineering,Data Engineering Masterclass,Data Engineer,Data Pipeline,Apache Spark,PySpark,Databricks,Azure Data Engineering,Lakehouse,Data Warehouse,Apache Airflow,Big Data,SQL,Data Engineering Tutorial,Data Engineering Course,Data Engineering for Beginners,Data Engineering Interview,Ansh Lamba Data Engineering,Data Engineering Masterclass Ansh Lamba,Data Engineering Ansh Lamba,Data Engineering Tutorial Ansh Lamba,Data Engineering Full Course Ansh Lamba",PT2H9M15S,22294,677,63.0,0,en,en,False,True,public,hd,2d
ZRz-7E-7X7c,https://www.youtube.com/watch?v=ZRz-7E-7X7c,Fundamentals of Data Engineering Masterclass (From SCRATCH!),"Fundamentals of Data Engineering Masterclass | Data Engineering Full Course | Data Engineering Bootcamp

What You’ll Learn in in the next 3 Hours?
You'll learn everything you need to know about data engineering from scratch. Whether you're a complete beginner or looking to enhance your skills, this Data Engineering Masterclass covers all the essential concepts such as:
- Introduction to Data Engineering
- Key Concepts: ETL, Data Warehousing, and Data Pipelines
- Tools and Technologies: Apache Spark, Databricks, Azure Data Engineering, SQL etc.
- Best Practices for Data Management
- Real-world Projects and Case Studies

Azure End-To-End Data Engineering Project - https://youtu.be/0GTZ-12hYtU?si=R8-F9i1cFynhyaHF
PySpark Full Course (Databricks) - https://youtu.be/94w6hPk7nkM?si=D02Jj-HzmN4tl4DR

Timestamps:
0:00 Introduction
4:11 What is Data Engineering?
10:07 Data Engineering Lifecycle
14:30 Data Generation
20:53 Data Transformation
24:40 Data Serving 
29:09 Data Upstream and Data Downstream
35:23 OLTP vs OLAP Database 
51:22 ETL (Extract Transform Load)
55:22 Data Warehouse and Layers
1:01:54 Incremental Loading
1:06:33 Dimensional Data Modeling
1:11:45 Star Schema and Snowflake Schema
1:15:35 Slowly Changing Dimensions (SCD)
1:25:22 Slowly Changing Dimension Type-2
1:28:33 SCD Type-3
1:30:13 What is Data Lake?
1:33:10 Data Lake vs Data Warehouse
1:35:51 What is Lakehouse
1:41:46 Row Based vs Column Based File Format
1:49:17 What is Delta Lake?
2:01:50 Big Data Engineering
2:04:37 Apache Airflow, Apache Kafka, Apache Hive
2:05:46 Distributed Computing with Apache Spark Architecture
2:13:06 Cloud Data Engineering
2:14:28 What is Cloud Computing
2:20:20 What is Medallion Architecture?
2:29:01 Azure End-To-End Data Engineering Architecture
2:31:18 Azure Events Hub for Data Streaming
2:32:28 Azure SQL DB
2:35:26 Azure Data Lake
2:39:11 Azure Data Factory
2:41:41 Databricks for Big Data Transformation
2:43:38 Azure Synapse Analytics for Cloud Data Warehousing
2:45:20 Data Reporting 
2:49:12 Azure Data Engineering Architecture in Detail
2:55:30 Azure Data Engineering End-To-End Project (From Scratch)


Connect with ME - https://www.linkedin.com/in/ansh-lamba-793681184/

Please Hit the SUBSCRIBE button❤️to support me and my hard work. 

⭐Hashtags⭐
#azure #dataengineering #databricks #bigdata #apachespark #datalake",UCu7lQE-L5gzt8aD7zuuufjw,Ansh Lamba,2024-11-17T13:00:39Z,27,Education,https://i.ytimg.com/vi/ZRz-7E-7X7c/hqdefault.jpg,"Data Engineering Masterclass,Data Engineering Full Course,Data Engineering Fundamentals,Fundamentals of Data Engineering,Azure data engineering,azure end to end data engineering,Data Engineering Bootcamp,azure data engineering end to end",PT2H56M26S,190986,4133,511.0,0,en,en,False,True,public,hd,2d
1nVGaNbvuXg,https://www.youtube.com/watch?v=1nVGaNbvuXg,How I’d Learn Data Engineering in 2026 From Zero to Senior (Built by a Data Engineer),"► DataCamp Associate Data Engineer in SQL - https://datacamp.pxf.io/4GO30o
► DataCamp Data Engineer Certification - https://datacamp.pxf.io/YREOPj
Get 25% OFF DataCamp's Here https://datacamp.pxf.io/bOEe66
🎁 *Notion Data Engineering Roadmap* : https://www.notion.so/templates/data-engineering-roadmap-125

► *Subscribe* for more Free Data content: https://www.youtube.com/channel/UC8_RSKwbU1OmZWNEoLV1tQg?sub_confirmation=1

*🏆 DATA ACADEMY*
- *SQL* https://www.datawithbaraa.com/course/sql-full-course-for-beginners
- *Python* https://www.datawithbaraa.com/course/the-ultimate-python-mastery
- *Python Handbook* (sketches, notes, code) https://academy.datawithbaraa.com/l/digital_download/998313/the-python-handbook
- *Tableau* https://www.datawithbaraa.com/course/tableau-ultimate-full-course-for-beginners

*🎓UDEMY*
- *SQL* https://www.udemy.com/course/the-complete-sql-bootcamp-30-hours-go-from-zero-to-hero/?referralCode=D20781228C2EB8B98339
- *Python* https://www.udemy.com/course/the-complete-python-bootcamp-13hours-go-from-zero-to-hero/?referralCode=776491A4119FF8AF41CA
- *Tableau* https://www.udemy.com/course/the-tableau-ultimate-course-from-zero-to-hero/?referralCode=6544726FDC491A6B25EC

━━━━━

*CONNECT WITH ME*
📬 Newsletter https://www.blog.datawithbaraa.com
👨‍💻 LinkedIn https://www.linkedin.com/in/baraa-khatib-salkini/
📸 Instagram https://www.instagram.com/datawithbaraa/
🎥 TikTok https://www.tiktok.com/@datawithbaraa
🌍 Website https://datawithbaraa.com/
💬 Discord https://discord.gg/gsVJbMxKcA
🧭 Notion Roadmaps https://www.notion.com/@datawithbaraa
⭐ Favorite Books/Gear https://candle-gosling-511.notion.site/My-Favorite-Books-Gear-Apps-28334b251f1281e58a52cf7aa594e0e9?source=copy_link
📩 Sponsorships baraa@datawithbaraa.com

━━━━━

*MY FREE COURSES*
- *SQL* https://youtu.be/SSKVgrwhzus
- *Python* https://youtu.be/Rq5gJVxz55Q
- *Tableau* https://youtu.be/UcGF09Awm4Y
- *Databricks* https://www.youtube.com/playlist?list=PLNcg_FV9n7qZoxVkw-KPhcmgLWjHWVUc9
- *Power BI* https://www.youtube.com/playlist?list=PLNcg_FV9n7qZge4KDGqGtqgiuVuhVZWzu
- *Data Projects* https://www.youtube.com/playlist?list=PLNcg_FV9n7qZ4Ym8ZriYT6WF8TaC2e_R7
- *Data Careers* https://www.youtube.com/playlist?list=PLNcg_FV9n7qah95jp-aPtysu7kFCbg7hd

━━━━━

How to learn Python for data engineers using a clear step-by-step roadmap focused only on what you need in real data projects. This video shows what to learn, what to skip, and how to become productive with Python fast.

📖 *Table of Content*
00:00 - Intro
02:08 - Phase 0: Understand Role
04:18 - Phase 1: Core Skills
07:48 - Datacamp
08:49 - Phase 2: DE Skills
13:06 - Phase 3: Get Hired
22:11 - Phase 4: Junior DE
24:41 - Phase 5: Senior DE
28:35 - Phase 6: Data Architect

#dataengineering #python #learnpython #dataengineer",UC8_RSKwbU1OmZWNEoLV1tQg,Data with Baraa,2026-01-20T13:08:02Z,27,Education,https://i.ytimg.com/vi/1nVGaNbvuXg/hqdefault.jpg,"data engineering roadmap 2026,become a data engineer,how to learn data engineering,data engineering,data engineer,how to become a data engineer,data engineering roadmap,data engineer roadmap 2026,learn data engineering,data engineering for beginners,data engineering tutorial,data engineering skills,data engineering projects,python for data engineering,pyspark tutorial,spark data engineering,databricks tutorial,lakehouse architecture,data engineer salary,de",PT32M59S,190917,7035,350.0,0,en,en,False,True,public,hd,2d
NajuLW-K7AE,https://www.youtube.com/watch?v=NajuLW-K7AE,AI Data Engineering | Complete Structure - Basic To Advance,"🚨 Join First Live Classroom Batch Of ""Complete AI Data Engineering With AWS - Basic To Advance"" Program, Admissions Are Open Now 🫡 
✅ Join Today (Limited Seats Only) - https://growdataskills.com/aws-data-engineering-live
📌 Dedicated Placement Assistance & Doubt Support
📞 For Enquiries, Call/WhatsApp: (+91) 9893181542
😎 2 Cr+ Highest Salary Package So Far
⭐ Access FREE Technical Content  - https://academy.growdataskills.com/l/cc0c24728b

===============================================

⭐ Explore All Courses Here - https://growdataskills.com/course

===============================================

👉 Join Our Data Engineering BootCAMPS - https://growdataskills.com/data-engineering-track

👉 Explore All Our Project Oriented Data BootCAMPS  - https://www.growdataskills.com/course

===============================================
👉 Join Our Programming BootCAMPS - https://www.growdataskills.com/course-complete-python

👉 Join Our Data Engineering BootCAMPS - https://growdataskills.com/data-engineering-track
👉 Join Our AI Engineering BootCAMPS - https://growdataskills.com/ai-engineering-track
👉 Join Our Data Analyst BootCAMPS - https://growdataskills.com/data-analyst-track
👉 Join Our Data Science BootCAMPS - https://growdataskills.com/data-science-track
👉 Join Our Industrial Projects - https://growdataskills.com/project-data-science

===============================================

𝗝𝗼𝗶𝗻 our 𝗦𝗼𝗰𝗶𝗮𝗹 𝗠𝗲𝗱𝗶𝗮:🔥
⭐ GrowDataSkills Discord - https://discord.gg/PFzAMUXk9M
⭐ GrowDataSkills X Account - https://x.com/GrowDataSkills
⭐ GrowDataSkills Linkedin - https://www.linkedin.com/company/growdataskills
⭐ GrowDataSkills Instagram - https://www.instagram.com/growdataskills/
🔅Shashank's LinkedIn - https://www.linkedin.com/in/shashank219/
🔅Shashank's Instagram - https://www.instagram.com/_shashank_219/

===============================================


#ai #dataengineering #roadmap",UCBGcs9XTL5U34oaSn_AsHqw,E-Learning Bridge,2026-06-16T13:33:16Z,27,Education,https://i.ytimg.com/vi/NajuLW-K7AE/hqdefault.jpg,"ai engineering,roadmap,ai engineering roadmap,what is ai engineering,ai engineer jobs,how to become ai engineer in 2026,data engineer roadmap,data analyst,how to become data engineer,growdataskills,ai engineering course,how to become data analyst,AI Data Engineer,AI engineer salary,ai engineering skills,how to learn AI Engineering,best ai tools,krish naik,tech layoffs,ai data engineer,ai data engineering,ai data engineer roadmap,ai data engineer skills",PT7M26S,9931,219,47.0,0,en,en-IN,False,True,public,hd,2d
SETspQRY9ZU,https://www.youtube.com/watch?v=SETspQRY9ZU,Data Engineer Roadmap 2026 | How I'd learn Data Engineering in 2026,"With the rapid growth of data, AI, and cloud systems, Data Engineering has become a foundational role in the data ecosystem. In this video, we break down a complete Data Engineering roadmap for 2026, covering the key skills, tools, and concepts you need to become job-ready. 

You’ll get a week-by-week learning plan, practical checklists, and free resources, along with how I’d learn Data Engineering if I were starting from scratch today

Roadmap with Weekly Study Plan & Free Resources: https://resources.codebasics.io/UMfMtn

Data Engineering Suitability Test: https://resources.codebasics.io/XfCU47

🚀 Ready to go from Data Analyst to AI-Enabled Data Engineer? Our live bootcamp takes you from dashboards to production pipelines: https://resources.codebasics.io/5yaUOR

🎮 Want to learn by doing? Datakata is a free, super fun game where you build data pipelines hands-on: https://resources.codebasics.io/Ahkp3O

Industry experts featured here:

Atul Pundhir - https://www.linkedin.com/in/atulpundhir/

Varun Vyas - https://www.linkedin.com/in/vyasvarun/

⭐️ Timestamps ⭐️
0:00 Intro
2:10 Salary Range 
2:26 Suitability Test 
2:46 Job Analysis Report Overview
3:08 Overview of the Roadmap
3:31 Data Engineer Categories
7:42 Conversation with Industry Experts
11:24 Skill Handyman
12:08 Data Engineer Skills Matrix
12:56 Fundamental Research + Preparing your Mind & Body 
13:35 Python Basics + Essential Data Structures🐍 
16:26 Python for Data Engineering🐍
17:28 Data Engineering Foundations + Git 
19:59 SQL Mastery 
26:23 Data Modeling & Warehousing Basics + Linux Fundamentals📊  
29:25 ETL on Cloud (Batch Pipelines)  
33:46 Docker + ATS Resume 
37:50 Spark + Databricks 
41:20 End-to-End Data Engineering Projects on Databricks  
43:49 Snowflake + Airflow 
46:24 Streaming Data Systems: Kafka + Flink 
48:53 Analytics Engineering with dbt + Cloud Scaling + Portfolio 
53:38 Data Quality & Reliability 
55:27 Business Projects, CI/CD & Open Source 
59:47 Personal Branding, Interviews & Long-Term Career Growth 
1:01:10 Interview Communication
1:01:46 Job Applications
1:05:47 Tips & Final Thoughts


Do you want to learn technology from me? Check https://codebasics.io/?utm_source=description&utm_medium=yt&utm_campaign=description&utm_id=description for my affordable video courses.

Need help building software or data analytics/AI solutions? My company https://www.atliq.com/ can help. Click on the Contact button on that website.

🎥 Codebasics Hindi channel: https://www.youtube.com/channel/UCTmFBhuhMibVoSfYom1uXEg

#️⃣ Social Media #️⃣

🧑‍🤝‍🧑 Discord for Community Support:  https://discord.gg/r42Kbuk
📸 Codebasics' Instagram: https://www.instagram.com/codebasicshub/
📝 Codebasics' Linkedin :  https://www.linkedin.com/company/codebasics/

------

📝 Dhaval's Linkedin : https://www.linkedin.com/in/dhavalsays/
📝 Hem's Linkedin: https://www.linkedin.com/in/hemvad/

📽️ Hem's Instagram for daily tips: https://www.instagram.com/hemvadivel/
📸 Dhaval's Personal Instagram: https://www.instagram.com/dhavalsays/

🔗 Patreon: https://www.patreon.com/codebasics?fan_landing=true",UCh9nVJoWXmFb7sLApWGcLPQ,codebasics,2026-01-21T13:30:26Z,27,Education,https://i.ytimg.com/vi/SETspQRY9ZU/hqdefault.jpg,"yt:cc=on,data engineering,data engineering roadmap,data engineering full course,how to learn data engineering,data engineering for 2026,data engineering 2026,data engineer 2026 roadmap,how to be data engineer,data engineer,aws,databricks,airflow,azure,sql,python,kafka,etl",PT1H7M31S,59816,1484,86.0,0,en,en,False,True,public,hd,2d
Pjx0AVg5lVY,https://www.youtube.com/watch?v=Pjx0AVg5lVY,data engineering roadmap#data#dataengineering #road#datascience#education #information#dataanalytics,"data engineering roadmap,data engineering,data engineer roadmap,learn data engineering,data engineering roadmap 2024,data engineering tutorials,how to learn data engineering,data engineer roadmap 2024,big data engineering roadmap,data engineering guide,best data engineering roadmap,data engineering course,data engineering skills,what is data engineering,data engineering explained,roadmap for data engineer,data engineering projects",UC1ovhwPjCoXXXH1k6dOuFOg,Information hub,2024-10-01T01:02:03Z,27,Education,https://i.ytimg.com/vi/Pjx0AVg5lVY/hqdefault.jpg,"data engineering roadmap,data engineering,data engineer roadmap,learn data engineering,data engineering roadmap 2024,data engineering tutorials,how to learn data engineering,data engineer roadmap 2024,big data engineering roadmap,data engineering guide,best data engineering roadmap,data engineering course,data engineering skills,what is data engineering,data engineering explained,roadmap for data engineer,data engineering projects",PT18S,241426,2345,,0,en,en,False,False,public,hd,2d
f09GwYWPfEU,https://www.youtube.com/watch?v=f09GwYWPfEU,The $500k+ Data Engineering Roadmap: Exact Study Plan & Resources,"Start your Data Engineering journey w/ DataCamp here:
Associate Data Engineer In SQL: https://datacamp.pxf.io/mOkAPa
Industry Recognized Data Engineer Certification:  https://datacamp.pxf.io/POqXMX

Please note I may earn a small commission for any purchase through these links - Thank you for supporting the channel!
____________________________________________ 

This video is a Complete Data Engineering Roadmap — built for beginners, career switchers, and professionals who want to go from zero to job-ready in one structured path

My Social Media Handles: 
LinkedIn: https://www.linkedin.com/in/afaque-ahmad-5a5847129/
YouTube Channel: https://www.youtube.com/@afaqueahmad7117

Playlists: 
Interview Preparation: https://www.youtube.com/playlist?list=PLWAuYt0wgRcKtqUhfVbtPjULMdYq5drs8
Spark Performance Tuning: https://www.youtube.com/playlist?list=PLWAuYt0wgRcLCtWzUxNg4BjnYlCZNEVth

Github: https://github.com/afaqueahmad7117
Spark Performance Tuning Codes: https://github.com/afaqueahmad7117/spark-experiments

Chapters: 
00:00 - Why Data Engineering Is Critical for AI  
01:22 - Topics  
02:00 - Programming Languages  
03:20 - Resources for Learning Python  
03:56 - Video Resources for Learning Python  
05:44 - DSA Topics  
06:22 - Resources for DSA  
09:46 - Databases  
10:49 - SQL  
11:35 - SQL Topics  
12:34 - Resources for DBMS and SQL Prep  
14:20 - Linux  
15:06 - Linux Resources  
15:44 - Processing (Spark)  
16:42 - Processing Resources  
18:06 - Resources for Kafka  
18:40 - Data Modeling & Data Warehousing  
19:32 - Resources for Data Modeling & Warehousing  
21:01 - Orchestration Tools (Airflow, Prefect, Dagster)  
22:40 - Resources for Orchestration  
23:25 - Cloud Overview (AWS, Azure, GCP)  
24:47 - Resources & Certifications  
26:00 - Git  
26:50 - Git Profile Tips  
27:22 - Git Resources  
28:05 - CICD  
29:12 - CICD Resources  
29:52 - DevOps (Terraform, Docker)  
31:46 - Resources for DevOps  
32:52 - Projects to Build  
33:35 - Project Resources (GitHub, Tutorials)

#DataEngineering  #DataEngineerRoadmap  #LearnDataEngineering",UCYFKQl9VMvtnUHxZ9uFx7qw,Afaque Ahmad,2025-07-29T10:58:01Z,27,Education,https://i.ytimg.com/vi/f09GwYWPfEU/hqdefault.jpg,"data engineering roadmap,how to become a data engineer,spark kafka tutorial,airflow orchestration,cloud data engineering,devops for data engineers,terraform docker CI/CD,data engineering career path,data engineering course,data engineer projects for portfolio,datacamp data engineering,data engineering certifications 2025,how to switch to data engineering,cloud for data engineers aws azure gcp,data engineer skills 2025,data engineer job preparation,sql,python,spark",PT38M14S,56533,2120,148.0,0,en,,False,True,public,hd,2d
U6ZUKWdfSLY,https://www.youtube.com/watch?v=U6ZUKWdfSLY,End to End Data Engineering Project using Databricks Free Edition | FMCG Domain,"This is an end end to data engineering project using databricks free edition that is perfect for beginners as well as advanced users. In FMCG domain, we are building an ETL pipeline for a real life industry use case where a big retail company acquires a small one and we will build the data pipeline to consolidate data from both the companies in a single lakehouse architecture. 
The tech stack data engineering project is: Python, SQL, Amazon S3, Medallion architecture, Spark, BI dashboard and Genie.

Signup to Databricks Free Edition: https://bit.ly/4nK0NTN

Databricks foundations video: https://www.youtube.com/watch?v=761SQ9Hxbic

Code, dataset and other resources: https://resources.codebasics.io/pD0lLR

🚀 Ready to go from Data Analyst to AI-Enabled Data Engineer? Our live bootcamp takes you from dashboards to production pipelines: https://resources.codebasics.io/5yaUOR

🎮 Want to learn by doing? Datakata is a free, super fun game where you build data pipelines hands-on: https://resources.codebasics.io/Ahkp3O

Get Certified by Codebasics with this Databricks Mini Course : https://resources.codebasics.io/dgbaAX

⭐️ Timestamps ⭐️
00:00:00 Intro
00:00:57 Project Introduction
00:02:57 Stakeholder Discussion
00:04:22 2 Learning Paths
00:04:40 Tech Architecture
00:09:47 Data Model
00:16:42 Signup to Databricks free edition
00:17:26 Setup Catalog. Data Import
00:27:36 AWS Account Setup
00:30:48 Upload Data to S3
00:32:50 Databricks S3 Connection
00:34:34 Dimension Data Processing
01:40:23 Fact Processing - Historical Load
02:02:11 Fact Processing - Incremental Load
02:25:51 Orchestration
02:38:07 Denormalized Table and Genie
02:43:24 Dashboarding
02:54:46 Stakeholder Review Meeting
02:55:55 Conclusion


Do you want to learn technology from me? Check https://codebasics.io/?utm_source=description&utm_medium=yt&utm_campaign=description&utm_id=description for my affordable video courses.

Need help building software or data analytics/AI solutions? My company https://www.atliq.com/ can help. Click on the Contact button on that website.

🎥 Codebasics Hindi channel: https://www.youtube.com/channel/UCTmFBhuhMibVoSfYom1uXEg

#️⃣ Social Media #️⃣

🧑‍🤝‍🧑 Discord for Community Support:  https://discord.gg/r42Kbuk
📸 Codebasics' Instagram: https://www.instagram.com/codebasicshub/
📝 Codebasics' Linkedin :  https://www.linkedin.com/company/codebasics/

------

📝 Dhaval's Linkedin : https://www.linkedin.com/in/dhavalsays/
📝 Hem's Linkedin: https://www.linkedin.com/in/hemvad/

📽️ Hem's Instagram for daily tips: https://www.instagram.com/hemvadivel/
📸 Dhaval's Personal Instagram: https://www.instagram.com/dhavalsays/

🔗 Patreon: https://www.patreon.com/codebasics?fan_landing=true",UCh9nVJoWXmFb7sLApWGcLPQ,codebasics,2025-11-28T13:30:07Z,27,Education,https://i.ytimg.com/vi/U6ZUKWdfSLY/hqdefault.jpg,"yt:cc=on,databricks,data engineering,data engineering project,end to end project,end to end data engineering project,end to end data engineering project databricks",PT2H56M49S,142238,2493,97.0,0,en,en,False,False,public,hd,2d
V1HRrdi4nOs,https://www.youtube.com/watch?v=V1HRrdi4nOs,Data Engineering Fundamentals for Analysts,"In this video, we cover the data engineering fundamentals every data analyst needs to know to start building real pipelines — not just dashboards.
 
🚀 Ready to go from Data Analyst to AI-Enabled Data Engineer? Our live bootcamp takes you from dashboards to production pipelines: https://codebasics.io/bootcamps/data-engineering-bootcamp-for-analysts
 
🎮 Want to learn by doing? Datakata is a free, super fun game where you build data pipelines hands-on: https://resources.codebasics.io/MrJey6
 
Databricks Videos
Databricks Free Edition Tutorial with End-to-End Data + AI Project: https://www.youtube.com/watch?v=761SQ9Hxbic
End to End Data Engineering Project using Databricks Free Edition | FMCG Domain: https://www.youtube.com/watch?v=U6ZUKWdfSLY
End to End Data Engineering Project using Databricks Free Edition | Spark Declarative Pipelines: https://www.youtube.com/watch?v=bIIC44n2Dss

⭐️ Timestamps ⭐️
0:00:00 Intro
0:00:32 OLAP vs OLTP vs ETL vs Data Warehouse
0:10:02 Data Lake vs Data Warehouse vs Lekehouse
0:16:53 ETL vs ELT
0:22:51 Medallion Architecture
0:28:53 Row Based File Formats - CSV JSON
0:37:09 Column Based File Formats - Parquet
0:40:51 Data Normalization and Denormalization
0:46:46 Data Modeling
0:49:54 Star Snowflake
0:58:43 Dimensional Modeling
1:01:27 Slowly Changing Dimensions
1:07:15 Outro
 

Do you want to learn technology from me? Check https://codebasics.io/?utm_source=description&utm_medium=yt&utm_campaign=description&utm_id=description for my affordable video courses.

Need help building software or data analytics/AI solutions? My company https://www.atliq.com/ can help. Click on the Contact button on that website.

🎥 Codebasics Hindi channel: https://www.youtube.com/channel/UCTmFBhuhMibVoSfYom1uXEg

#️⃣ Social Media #️⃣

🧑‍🤝‍🧑 Discord for Community Support:  https://discord.gg/r42Kbuk
🏫 Skool Community for Support & Networking - https://resources.codebasics.io/6J8mXg
📸 Codebasics' Instagram: https://www.instagram.com/codebasicshub/
📝 Codebasics' Linkedin :  https://www.linkedin.com/company/codebasics/
📱 Dhaval's X handle : https://x.com/dpcodebasics

------

📝 Dhaval's Linkedin : https://www.linkedin.com/in/dhavalsays/
📝 Hem's Linkedin: https://www.linkedin.com/in/hemvad/

📽️ Hem's Instagram for daily tips: https://www.instagram.com/hemvadivel/
📸 Dhaval's Personal Instagram: https://www.instagram.com/dhavalcodebasics

🔗 Patreon: https://www.patreon.com/codebasics?fan_landing=true",UCh9nVJoWXmFb7sLApWGcLPQ,codebasics,2026-06-04T14:47:04Z,27,Education,https://i.ytimg.com/vi/V1HRrdi4nOs/hqdefault.jpg,yt:cc=on,PT1H7M44S,9934,347,18.0,0,en,en,False,True,public,hd,2d
7JOkKsNHSOY,https://www.youtube.com/watch?v=7JOkKsNHSOY,Data Analyst Vs Data Engineer | What to Choose?,"What’s the difference between a Data Analyst and a Data Engineer? While both work with data, their roles, tools, and workflows are quite different.

In this video, we break it down for you:

🔹 Work Type & Responsibilities

Data Analysts focus on interpreting data, creating reports, and generating insights for decision-making.
Data Engineers build and maintain the infrastructure that allows analysts and businesses to access clean, structured data.
🔹 Tools They Use

Data Analysts: SQL, Python, Excel, Tableau, Power BI
Data Engineers: Hadoop, Spark, Airflow, Kafka, Snowflake, ETL tools
🔹 How They Work

Data Analysts extract, clean, and visualize data for business insights.
Data Engineers design and optimize databases, build data pipelines, and ensure data flows efficiently.
By the end of this video, you’ll have a clear understanding of which role might be the best fit for your skills and career goals.

Welcome to the Three 90 Challenge by GeeksforGeeks!
✅ Complete 90% of your course in 90 days
✅ Get 90% of your fee refunded!

Yes, you read that right! 🌟 Over ₹5 CRORE in refunds processed already, and YOURS could be next.

Start the challenge now: https://gfgcdn.com/tu/U4a/

—-

Follow us for more coding challenges, interview prep, and learning resources:
📱 Download GeeksforGeeks' Official App: https://play.google.com/store/apps/details?id=free.programming.programming
💬 Twitter: https://twitter.com/geeksforgeeks
🧑‍💼 LinkedIn: https://www.linkedin.com/company/geeksforgeeks
📷 Instagram: https://www.instagram.com/geeks_for_geeks/
💌 Telegram: https://t.me/geeksforgeeks_official
📌 Pinterest: https://in.pinterest.com/geeksforgeeks/
🎮 Discord: https://discord.gg/geeksforgeeks

—-

Hashtags:
#DataAnalyst #DataEngineer #BigData #ETL #SQL #Python #Tableau #Hadoop #DataScience #MachineLearning #DataPipeline #TechJobs #Analytics

YouTube Tags:
data analyst vs data engineer, data engineer vs data analyst, data analyst tools, data engineer tools, SQL vs Python, data engineering workflow, data processing, ETL tools, data science jobs, business intelligence, data analytics, database management, tech careers, gfg, gfg courses, gfg classes",UC0RhatS1pyxInC00YKjjBqQ,GeeksforGeeks,2025-03-04T08:41:18Z,27,Education,https://i.ytimg.com/vi/7JOkKsNHSOY/hqdefault.jpg,"data analyst vs data engineer,data engineer vs data analyst,data analyst tools,data engineer tools,SQL vs Python,data engineering workflow,data processing,ETL tools,data science jobs,business intelligence,data analytics,database management,tech careers,gfg,gfg courses,gfg classes",PT1M7S,188836,6712,64.0,0,en-GB,en-GB,False,True,public,hd,2d
ZEE-jNAthB0,https://www.youtube.com/watch?v=ZEE-jNAthB0,WALMART Data Engineering End-To-End Project [Airflow + DBT + Databricks],"Thanks to GHOST for sponsoring this video. 
Try GHOST now - https://b.link/ansh-gost

Data Engineering End-To-End Project | Databricks | Airflow | DBT | AWS | End-To-End Data Engineer Project 

What you will learn?
This is a complete End-To-End Data Engineering project which included all the modern tech stack such as Apache Airflow, DBT, Databricks, AWS and covers scenarios like Incremental Ingestion, Metadata Driven Pipelines, Slowly Changing Dimensions, STAR Schema and much more. This is a beginner friendly project which will help you learn all the tech stack by doing it. This is perfect learning resource for anyone wants to grow in the Data Engineering space and wants to learn the modern tech stack.

Timestamps:
0:00 Introduction
05:07 Data Architecture
15:08 Environment Setup
24:13 Source Database OLTP
32:10 Adding Data Using Agent
52:35 Lakehouse Architecture
1:00:57 Databricks Overview
1:07:50 Incremental Data Ingestion into Databricks
1:18:34 DBT Overview
1:31:37 DBT Setup
1:48:15 Query Databricks Using DBT
2:03:05 Silver Technical Layer
2:11:44 Incremental Models in DBT
2:45:20 Silver Business Layer
2:53:46 Metadata Driven Ingestion Pipeline
3:11:56 Test Cases With DBT
3:27:32 Ephemeral Models in DBT
3:50:56 DBT Snapshots 
4:00:00 Slowly Changing Dimensions
4:24:37 Apache Airflow Overview
4:34:25 Airflow With Docker
4:45:21 Orchestration With Airflow DAGs
5:11:59 Trigger DBT Models With DAG
5:29:37 Trigger Databricks Pipelines With Airflow
5:54:32 AWS Overview
5:58:47 AWS S3
6:01:23 Data Ingestion From S3 Data Lake
6:12:59 Deploy To GitHub

UDEMY Courses:
Apache Airflow Bootcamp
https://www.udemy.com/course/apache-airflow-3-the-complete-bootcamp-with-projects/?couponCode=DATAFAMJUNE2026
Apache Spark 4.0 Bootcamp
https://www.udemy.com/course/databricks-certified-associate-developer-for-apache-spark-4/?couponCode=DATAFAMJUNE2026
Databricks Data Engineer 
https://www.udemy.com/course/databricks-certified-data-engineer-associate-bootcamp/?couponCode=DATAFAMJUNE2026
Fabric Data Engineer 
https://www.udemy.com/course/databricks-certified-data-engineer-associate-bootcamp/?couponCode=DATAFAMJUNE2026

Watch My Previous Videos
- Spark Pipelines Full Course
https://youtu.be/EJJNoUKSc9w?si=acWvAuekNrzS0Uaq
- Claude Code Full Course
https://youtu.be/lkc-F5I8gFE?si=MDtDVGPYDozfjdMF
- Databricks Full Course
https://youtu.be/7pee6_Sq3VY?si=T5Nobw_H2TY9oqLt
- DBT Full Course
https://youtu.be/B8uwFmVt4sU?si=Cz6r_66HqCKNPMJ8
- ADF Full Course
https://youtu.be/8zIVOdKyoDA?si=t_iTomGrxO0BQjTJ

GitHub Repo
https://github.com/anshlambagit/Walmart_Airflow_DBT_Project


=======================================
Join this channel to SUPPORT MY HARDWORK:
https://www.youtube.com/channel/UCu7lQE-L5gzt8aD7zuuufjw/join
=======================================

Connect with ME 
LinkedIn - https://www.linkedin.com/in/ansh-lamba-793681184/
Telegram - https://t.me/anshlambadatafam
 
=========================
For COLLABORATION 👇
anshlambacollab@gmail.com
=========================

⭐Hashtags⭐",UCu7lQE-L5gzt8aD7zuuufjw,Ansh Lamba,2026-07-05T12:30:11Z,27,Education,https://i.ytimg.com/vi/ZEE-jNAthB0/hqdefault.jpg,"End To End Data Engineering Project,Data Engineering Project,Data Engineer,Data Engineering Tutorial,Databricks,ETL Project,Data Pipeline,Data Engineering Portfolio,Real World Project,Data Engineering Interview,Data Lake,Medallion Architecture,End To End Data Engineering Project Ansh Lamba,Ansh Lamba Project,Ansh Lamba Data Engineerng Project,Ansh Lamba Data Engineer Project,Ansh Lamba Data Project,Ansh Lamba Databricks,Ansh Lamba Databricks Project",PT6H19M55S,40786,1374,205.0,0,en,en,False,True,public,hd,2d
IxvLvToD8nk,https://www.youtube.com/watch?v=IxvLvToD8nk,Become an AI Data Engineer FREE Databricks Course - DataExpert.io Launch Video,"Join the free boot camp here: https://learn.dataexpert.io/program/the-one-week-beginners-databricks-boot-camp-7129

Get your Databricks Free Edition account here: http://signup.databricks.com/?provider=DB_FREE_TIERutm_source=discord&utm_medium=video&utm_campaign=DataExpert


I have a continuation of the free course in a 5-week paid boot camp you can join for 25% off on August 10th! Use code DATABRICKS25 for 25% off here: https://www.dataexpert.io/program/databricks-ai-data-engineer-boot-camp-2024?code=DATABRICKS25


Follow me on all socials

Newsletter: https://blog.dataexpert.io 
IG: https://www.instagram.com/EcZachly
X: https://www.x.com/Zachly
LinkedIn: https://www.linkedin.com/in/eczachly
TikTok: https://www.tiktok.com/@eczachly",UCAq9f7jFEA7Mtl3qOZy2h1A,DataExpert,2026-07-25T16:00:15Z,24,Entertainment,https://i.ytimg.com/vi/IxvLvToD8nk/hqdefault.jpg,,PT3M9S,384362,638,49.0,0,en,en-US,True,True,public,hd,2d
BB-bBDXihy4,https://www.youtube.com/watch?v=BB-bBDXihy4,Small Dreams To Job At GOOGLE | Data Engineer | In Just 3 YEARS,"🔥 Join my affordable & top notch courses for Data Professionals - https://growdataskills.com/
⭐ 3 Day Independence Day Sale is Live Now, Use code FREEDOM10 to get flat 10% discount (Valid till 16-Aug Midnight)
➡️ Dedicated Placement Assistance & Doubt Support
➡️ Call/WhatsApp us at (+91) 9893181542 for any query
😎 2 Cr+ Highest Salary Package So Far

===============================================

⭐ Explore All Courses Here - https://growdataskills.com/course

===============================================

👉 Join Our Data Engineering BootCAMPS - https://growdataskills.com/data-engineering-track

👉 Explore All Our Project Oriented Data BootCAMPS  - https://www.growdataskills.com/course

===============================================
👉 Join Our Programming BootCAMPS - https://www.growdataskills.com/course-complete-python

👉 Join Our Data Engineering BootCAMPS - https://growdataskills.com/data-engineering-track
👉 Join Our Data Analyst BootCAMPS - https://growdataskills.com/data-analyst-track
👉 Join Our Data Science BootCAMPS - https://growdataskills.com/data-science-track
👉 Join Our Industrial Projects - https://growdataskills.com/project-data-science

===============================================

𝗝𝗼𝗶𝗻 our 𝗦𝗼𝗰𝗶𝗮𝗹 𝗠𝗲𝗱𝗶𝗮:🔥
⭐ GrowDataSkills Discord - https://discord.gg/PFzAMUXk9M
⭐ GrowDataSkills X Account - https://x.com/GrowDataSkills
⭐ GrowDataSkills Linkedin - https://www.linkedin.com/company/growdataskills
⭐ GrowDataSkills Instagram - https://www.instagram.com/growdataskills/
🔅Shashank's LinkedIn - https://www.linkedin.com/in/shashank219/
🔅Shashank's Instagram - https://www.instagram.com/_shashank_219/

===============================================

📱 Connect With Lavanya
➡️ Linkedin - https://www.linkedin.com/in/lavanyaev/

=====================================
Timestamp:
👉 0:00 -- Wow Moments
👉 0:47 -- About our guest
👉 2:15 -- 3 Day Independence Day SALE On All Courses
👉 4:13 -- Lavanya's introduction & background
👉 5:05 -- College life, First Job & First Salary
👉 7:55 -- Interview for Data Engineer Intern Role
👉 8:47 -- Good & Worst Experience With Data Engineer role
👉 10:20 -- Did you learn all core Data Engineering skills during Internship ?
👉 10:51 -- How did you apply and get calls from Google ?
👉 13:28 -- Any other Tier-1 companies you interviewed at ?
👉 15:03 -- Data Engineer Roadmap For Google
👉 17:46 -- New tech stack like Databricks, Snowflake were asked in interviews?
👉 18:49 -- Complete Interview Experience Of Google For Data Engineer
👉 22:30 -- How much DSA to prepare for Google?
👉 23:27 -- How to deal with 90 days notice period?
👉 26:51 -- Data Engineer Salary in Google


#job #google #motivation",UCBGcs9XTL5U34oaSn_AsHqw,E-Learning Bridge,2025-08-14T13:34:56Z,27,Education,https://i.ytimg.com/vi/BB-bBDXihy4/hqdefault.jpg,"data engineering,data engineer,how to become a data engineer,data engineering tutorials,learn data engineering,data engineering course,roadmap for data engineer,big data course,data engineer interview,data engineer roadmap,shashank mishra,data engineer skill,cloud data engineer,darshil parmar,azure data engineer,aws data engineer,data engineering projects,data engineer roadmap 2025,azure data engineer roadmap,tcs salary,tcs layoff,google data engineer",PT30M30S,39842,876,35.0,0,en,en-IN,False,True,public,hd,2d
4ztHU8PD8pg,https://www.youtube.com/watch?v=4ztHU8PD8pg,"A Realistic Day in Life of Data Engineer | Work, Harsh Realities, More.","In this video, I am covering everything you need to know about Data Engineering. What does a Data Engineer do? What does a realistic day in life look like? What are some harsh realities of being a Data Engineer? And of course, what skills are important to become a Data Engineer.

Checkout Gamma AI Presentation Builder: https://gamma.1stcollab.com/jashradia

Book 1:1 mentoring sessions: https://topmate.io/jash_radia
LinkedIn: https://www.linkedin.com/in/jashradia/
Instagram: https://www.instagram.com/jash.radia/

Other videos mentioned:
Learn AI playlist: https://youtube.com/playlist?list=PLKV41zXnKc9W4hT2C0ELL4s5-QY6LkMYz&si=fCkR-M8DjpO4n3xi
Learn Data Engineering Playlist: https://www.youtube.com/playlist?list=PLKV41zXnKc9UxKb2SrUrC_HkoUUK66lTA
Day in Life (Office): https://youtu.be/mMuL8mptLSs?si=rV_2gkFDwb7buK0E


#dataengineering #cloud #learning #roadmap

0:00 Intro and Overview
1:05 What is Data Engineering
1:45 What a Data Engineer Does
3:57 Realistic Day in Life of a Data Engineer
6:27 Harsh Reality of being a Data Engineer
9:04 Why it’s worth it
9:46 Skills needed to be a Data Engineer",UCWegChjG2YNdVMobQEMxolQ,Jash Radia,2025-10-18T06:00:27Z,27,Education,https://i.ytimg.com/vi/4ztHU8PD8pg/hqdefault.jpg,"what does a data engineer do,how to learn data engineering,realistic day in life of a data engineer,data engineer work,data engineer skills,data engineer courses,harsh realities of being a data engineer,what i actually do as a data engineer,how to become a data engineer,should i become a data engineer,data engineering pay and job scope,data engineering pros and cons",PT11M12S,70048,1789,96.0,0,en,en-US,False,True,public,hd,2d
